Player,#,Selection,Notes,Reference
Kareem Abdul-Jabbar,19,1970,Missed 1973,[9]
Kobe Bryant,18,1998,"Missed 2010,",[13]
Tim Duncan,15,1998,,[14]
Kevin Garnett,15,1997,Missed 2008,[16]
LeBron James,15,2005,,[17]
Shaquille O'Neal,15,1993,"Missed 1997,",[21]
Michael Jordan,14,1985,Missed 1986,[23]
Karl Malone,14,1988,Missed 1990,[25]
Dirk Nowitzki,14,2002,,[26]
Jerry West,14,1961,Missed 1969,[29]
Wilt Chamberlain,13,1960,,[30]
Bob Cousy,13,1951,,[31]
John Havlicek,13,1966,,[32]
Dwyane Wade,13,2005,Missed 2015,[33]
Larry Bird,12,1980,Missed 1991,[36]
Elvin Hayes,12,1969,,[37]
Magic Johnson,12,1980,Missed 1989,[39]
Moses Malone,12,1978,Missed 1984,[41]
Hakeem Olajuwon,12,1985,,[42]
Oscar Robertson,12,1961,,[43]
Bill Russell,12,1958,,[44]
Dolph Schayes,12,1951,Missed 1952,[46]
Isiah Thomas,12,1982,Missed 1991,[47]
Charles Barkley,11,1987,Missed 1994,[49]
Elgin Baylor,11,1959,,[50]
Chris Bosh,11,2006,Missed 2009,[52]
Julius Erving,11,1977,Also a five-time ,[53]
Patrick Ewing,11,1986,Missed 1986,[54]
Allen Iverson,11,2000,Missed 2007,[56]
Bob Pettit,11,1955,,[57]
Ray Allen,10,2000,,[58]
Carmelo Anthony,10,2007,,[59]
Paul Arizin,10,1951,Missed 1960,[61]
Clyde Drexler,10,1986,Missed 1997,[62]
Kevin Durant,10,2010,,[63]
Hal Greer,10,1961,,[64]
Jason Kidd,10,1996,Missed 2007,[65]
Paul Pierce,10,2002,,[66]
David Robinson,10,1990,,[67]
John Stockton,10,1989,,[68]
George Gervin,9,1977,Also a three-time ,[69]
Robert Parish,9,1981,,[70]
Chris Paul,9,2008,Missed 2010,[71]
Gary Payton,9,1994,,[72]
Lenny Wilkens,9,1963,,[73]
Dominique Wilkins,9,1986,Missed 1992,[74]
Rick Barry,8,1966,Missed 1973,[75]
Vince Carter,8,2000,Missed 2002,[76]
Dave Cowens,8,1972,Missed 1977,[79]
Dave DeBusschere,8,1966,,[80]
Alex English,8,1982,,[81]
Larry Foust,8,1951,Missed 1952,[82]
Dwight Howard,8,2007,,[83]
Bob Lanier,8,1972,,[84]
Dikembe Mutombo,8,1992,,[85]
Steve Nash,8,2002,Missed 2007,[86]
Bill Sharman,8,1953,,[87]
Russell Westbrook,8,2011,,[88]
Yao Ming,8,2003,Missed 2007,[90]
LaMarcus Aldridge,7,2012,,[91]
Dave Bing,7,1968,,[92]
Walt Frazier,7,1970,,[93]
Harry Gallatin,7,1951,,[94]
James Harden,7,2013,,[95]
Grant Hill,7,1995,Missed 2001,[96]
Joe Johnson,7,2007,Missed 2012,[98]
Jerry Lucas,7,1964,,[99]
Ed Macauley,7,1951,,[100]
Slater Martin,7,1953,,[101]
Tracy McGrady,7,2001,,[102]
Dick McGuire,7,1951,,[103]
Kevin McHale,7,1984,,[104]
Alonzo Mourning,7,1994,"Missed 1994,",[105]
Scottie Pippen,7,1990,,[106]
Willis Reed,7,1965,,[107]
Jack Sikma,7,1979,,[108]
Nate Thurmond,7,1965,Missed 1968,[111]
Chet Walker,7,1964,,[112]
Jo Jo White,7,1971,,[113]
James Worthy,7,1986,,[114]
Nate Archibald,6,1973,,[115]
Larry Costello,6,1958,Missed 1962,[117]
Stephen Curry,6,2014,,[118]
Adrian Dantley,6,1980,,[119]
Anthony Davis,6,2014,Missed 2015,[120]
Walter Davis,6,1978,,[121]
Joe Dumars,6,1990,,[122]
Pau Gasol,6,2006,,[123]
Paul George,6,2013,,[124]
Artis Gilmore,6,1978,Also a five-time ,[125]
Blake Griffin,6,2011,Missed 2015,[126]
Richie Guerin,6,1958,,[127]
Tom Heinsohn,6,1957,Missed 1965,[129]
Bailey Howell,6,1961,,[130]
Lou Hudson,6,1969,,[131]
Kyrie Irving,6,2013,,[132]
Neil Johnston,6,1953,,[133]
Shawn Kemp,6,1993,,[134]
Vern Mikkelsen,6,1951,,[135]
Jermaine O'Neal,6,2002,Missed 2006,[137]
Tony Parker,6,2006,,[138]
Mitch Richmond,6,1993,Missed 1993,[140]
Amar'e Stoudemire,6,2005,,[141]
Jack Twyman,6,1957,,[142]
George Yardley,6,1955,,[143]
Chauncey Billups,5,2006,,[144]
Carl Braun,5,1953,Missed 1956,[146]
Brad Daugherty,5,1988,,[147]
Wayne Embry,5,1961,Missed 1963,[149]
Tom Gola,5,1960,Missed 1962,[150]
Gail Goodrich,5,1969,,[151]
Cliff Hagan,5,1958,Missed 1958,[153]
Tim Hardaway,5,1991,,[154]
Al Horford,5,2010,,[155]
Dennis Johnson,5,1979,,[156]
Gus Johnson,5,1965,,[157]
Marques Johnson,5,1979,,[158]
Sam Jones,5,1962,,[159]
Rudy LaRusso,5,1962,Missed 1962,[160]
Kevin Love,5,2011,Missed 2017,[163]
Kyle Lowry,5,2015,,[164]
Pete Maravich,5,1973,Missed 1978,[166]
Bob McAdoo,5,1974,,[167]
Reggie Miller,5,1990,,[168]
Sidney Moncrief,5,1982,,[169]
Chris Mullin,5,1989,Missed 1993,[170]
Don Ohl,5,1963,,[171]
Andy Phillip,5,1951,,[172]
Gene Shue,5,1958,,[173]
Klay Thompson,5,2015,,[174]
Rudy Tomjanovich,5,1974,,[175]
Wes Unseld,5,1969,,[176]
John Wall,5,2014,Missed 2018,[177]
Bobby Wanzer,5,1952,,[178]
Chris Webber,5,1997,Missed 2003,[180]
Paul Westphal,5,1977,,[181]
Vin Baker,4,1995,,[182]
Walt Bellamy,4,1962,,[183]
Otis Birdsong,4,1979,,[184]
Rolando Blackman,4,1985,,[185]
Jimmy Butler,4,2015,Missed 2016,[187]
Tom Chambers,4,1987,,[188]
Maurice Cheeks,4,1983,,[189]
Doug Collins,4,1976,Missed 1979,[191]
DeMarcus Cousins,4,2015,Missed 2018,[192]
Billy Cunningham,4,1969,Also a one-time ,[193]
Bob Dandridge,4,1973,,[194]
Bob Davies,4,1951,,[195]
DeMar DeRozan,4,2014,,[196]
Dick Garmaker,4,1957,,[197]
Johnny Green,4,1962,,[198]
Penny Hardaway,4,1995,,[199]
Connie Hawkins,4,1970,Also a one-time ,[200]
Spencer Haywood,4,1972,Also a one-time ,[201]
Mel Hutchins,4,1953,,[202]
Bobby Jones,4,1977,Also a two-time ,[203]
Bernard King,4,1982,,[204]
Bill Laimbeer,4,1983,,[205]
Damian Lillard,4,2014,,[206]
Clyde Lovellette,4,1956,,[207]
Maurice Lucas,4,1977,Also a one-time ,[208]
Shawn Marion,4,2003,,[209]
George Mikan,4,1951,,[210]
Paul Millsap,4,2014,,[211]
Earl Monroe,4,1969,,[212]
Willie Naulls,4,1958,,[213]
Jim Pollard,4,1951,,[214]
Mark Price,4,1989,,[215]
Micheal Ray Richardson,4,1980,,[216]
Arnie Risen,4,1952,Missed 1955,[218]
Alvin Robertson,4,1986,,[219]
Guy Rodgers,4,1963,,[220]
Rajon Rondo,4,2010,Missed 2013,[222]
Ralph Sampson,4,1984,Missed 1987,[224]
Latrell Sprewell,4,1994,,[225]
David Thompson,4,1977,Also a one-time ,[226]
Ben Wallace,4,2003,,[227]
Rasheed Wallace,4,2000,,[228]
Sidney Wicks,4,1972,,[229]
Mark Aguirre,3,1984,,[230]
Giannis Antetokounmpo,3,2017,,[231]
Gilbert Arenas,3,2005,,[232]
Bill Bridges,3,1967,,[233]
Phil Chenier,3,1974,,[234]
Terry Dischinger,3,1963,,[235]
Steve Francis,3,2002,,[236]
Marc Gasol,3,2012,,[237]
Draymond Green,3,2016,,[238]
Richard Hamilton,3,2006,,[239]
Kevin Johnson,3,1990,,[240]
Eddie Jones,3,1997,,[241]
Bob Kauffman,3,1971,,[242]
Johnny Kerr,3,1956,,[243]
Kawhi Leonard,3,2016,,[244]
Bob Love,3,1971,,[245]
Dan Majerle,3,1992,,[246]
George McGinnis,3,1976,Also a three-time ,[247]
Jeff Mullins,3,1969,,[248]
Larry Nance,3,1985,,[249]
Glen Rice,3,1996,,[250]
Derrick Rose,3,2010,,[251]
Dan Roundfield,3,1980,Missed 1981,[254]
Brandon Roy,3,2008,Missed 2010,[255]
Detlef Schrempf,3,1993,,[256]
Charlie Scott,3,1973,Also a two-time ,[257]
Paul Seymour,3,1953,,[258]
Peja Stojaković,3,2002,,[259]
Maurice Stokes,3,1956,,[260]
Dick Van Arsdale,3,1969,,[261]
Tom Van Arsdale,3,1970,,[262]
Norm Van Lier,3,1974,,[263]
Antoine Walker,3,1998,,[264]
Kemba Walker,3,2017–,,[265]
Jamaal Wilkes,3,1976,,[266]
Buck Williams,3,1982,,[267]
Deron Williams,3,2010,,[268]
Leo Barnhorst,2,1952,,[269]
Bradley Beal,2,2018,,[270]
Zelmo Beaty,2,1966,Also a three-time ,[271]
Carlos Boozer,2,2007,Missed 2007,[272]
Elton Brand,2,2002,,[273]
Terrell Brandon,2,1996,,[274]
Frank Brian,2,1951,,[275]
Caron Butler,2,2007,Missed 2008,[276]
Joe Caldwell,2,1969,Also a two-time ,[277]
Archie Clark,2,1968,,[278]
Terry Cummings,2,1985,,[279]
Baron Davis,2,2002,,[280]
Luol Deng,2,2012,,[281]
John Drew,2,1976,,[282]
Andre Drummond,2,2016,,[283]
Kevin Duckworth,2,1989,,[284]
Walter Dukes,2,1960,,[285]
Dwight Eddleman,2,1951,,[286]
Sean Elliott,2,1993,,[287]
Joel Embiid,2,2018,,[288]
Michael Finley,2,2000,,[289]
Joe Fulks,2,1951,,[290]
Jack George,2,1956,,[291]
Manu Ginóbili,2,2005,,[292]
Roy Hibbert,2,2012,,[293]
Allan Houston,2,2000,,[294]
Rod Hundley,2,1960,,[295]
Žydrūnas Ilgauskas,2,2003,,[296]
Antawn Jamison,2,2005,,[297]
Eddie Johnson,2,1980,,[298]
John Johnson,2,1971,,[299]
Larry Johnson,2,1993,,[300]
Larry Kenon,2,1978,Also a three-time ,[301]
Don Kojis,2,1968,,[302]
David Lee,2,2010,,[303]
Fat Lever,2,1988,,[304]
Rashard Lewis,2,2005,,[305]
Jeff Malone,2,1986,,[306]
Danny Manning,2,1993,,[307]
Stephon Marbury,2,2001,,[308]
Jack Marin,2,1972,,[309]
Brad Miller,2,2003,,[310]
Norm Nixon,2,1982,,[311]
Joakim Noah,2,2013,,[312]
Victor Oladipo,2,2018,Missed 2019 game,[313]
Jim Paxson,2,1983,,[314]
Geoff Petrie,2,1971,,[315]
Terry Porter,2,1991,,[316]
Zach Randolph,2,2010,,[317]
Glenn Robinson,2,2000,,[318]
Truck Robinson,2,1978,,[319]
Red Rocha,2,1951,,[320]
Dennis Rodman,2,1990,,[321]
Jeff Ruland,2,1984,Missed 1985,[323]
Fred Scolari,2,1952,Missed 1953,[325]
Ken Sears,2,1958,,[326]
Frank Selvy,2,1955,,[327]
Paul Silas,2,1972,,[328]
Jerry Sloan,2,1967,,[329]
Phil Smith,2,1976,,[330]
Randy Smith,2,1976,,[331]
Jerry Stackhouse,2,2000,,[332]
Reggie Theus,2,1981,,[333]
Isaiah Thomas,2,2016,,[334]
Andrew Toney,2,1983,,[335]
Karl-Anthony Towns,2,2018,,[336]
Kelly Tripucka,2,1982,,[337]
Kiki Vandeweghe,2,1983,,[338]
Jimmy Walker,2,1970,,[339]
Bill Walton,2,1977,Missed 1977,[340]
Scott Wedman,2,1976,Missed 1980,[341]
David West,2,2008,,[342]
Gus Williams,2,1982,,[343]
Brian Winters,2,1976,,[344]
Shareef Abdur-Rahim,1,2002,,[345]
Alvan Adams,1,1976,,[346]
Michael Adams,1,1992,,[347]
Danny Ainge,1,1988,,[348]
Kenny Anderson,1,1994,,[349]
B. J. Armstrong,1,1994,,[350]
Don Barksdale,1,1953,Inducted as a contributor,[351]
Dick Barnett,1,1968,,[352]
Dana Barros,1,1995,,[353]
Butch Beard,1,1972,,[354]
Ralph Beard,1,1951,,[355]
Mookie Blaylock,1,1994,,[356]
John Block,1,1973,,[357]
Bob Boozer,1,1968,,[358]
Vince Boryla,1,1951,,[359]
Bill Bradley,1,1973,,[360]
Fred Brown,1,1976,,[361]
Don Buse,1,1977,Also a one-time ,[362]
Andrew Bynum,1,2012,,[363]
Austin Carr,1,1974,,[364]
Joe Barry Carroll,1,1987,,[365]
Bill Cartwright,1,1980,,[366]
Sam Cassell,1,2004,,[367]
Cedric Ceballos,1,1995,Missed 1995,[369]
Tyson Chandler,1,2013,,[370]
Len Chappell,1,1964,,[371]
Nathaniel Clifton,1,1957,,[372]
Derrick Coleman,1,1994,,[373]
Jack Coleman,1,1955,,[374]
Antonio Davis,1,2001,,[375]
Dale Davis,1,2000,,[376]
Vlade Divac,1,2001,,[377]
James Donaldson,1,1988,,[378]
Goran Dragić,1,2018,,[379]
Mark Eaton,1,1989,,[380]
Dale Ellis,1,1989,,[381]
Ray Felix,1,1954,,[382]
Sleepy Floyd,1,1987,,[383]
World B. Free,1,1980,,[384]
Billy Gabor,1,1953,,[385]
Chris Gatling,1,1997,,[386]
Danny Granger,1,2009,,[387]
Horace Grant,1,1994,,[388]
A. C. Green,1,1990,,[389]
Rickey Green,1,1984,,[390]
Alex Groza,1,1951,,[391]
Tom Gugliotta,1,1997,,[392]
Devin Harris,1,2009,,[393]
Bob Harrison,1,1956,,[394]
Hersey Hawkins,1,1991,,[395]
Gordon Hayward,1,2017,,[396]
Walt Hazzard,1,1968,,[397]
Tyrone Hill,1,1995,,[398]
Jrue Holiday,1,2013,,[399]
Lionel Hollins,1,1978,,[400]
Jeff Hornacek,1,1992,,[401]
Josh Howard,1,2007,,[402]
Juwan Howard,1,1996,,[403]
Andre Iguodala,1,2012,,[404]
Darrall Imhoff,1,1967,,[405]
Dan Issel,1,1977,Also a six-time ,[406]
Lucious Jackson,1,1965,,[407]
Mark Jackson,1,1989,,[408]
Steve Johnson,1,1988,Missed 1988,[410]
Nikola Jokić,1,2019,,[411]
DeAndre Jordan,1,2017,,[412]
Chris Kaman,1,2010,,[413]
Jim King,1,1968,,[414]
Andrei Kirilenko,1,2004,,[415]
Billy Knight,1,1977,Also a one-time ,[416]
Kyle Korver,1,2015,,[417]
Sam Lacey,1,1975,,[418]
Christian Laettner,1,1997,,[419]
Clyde Lee,1,1968,,[420]
Reggie Lewis,1,1992,,[421]
Brook Lopez,1,2013,,[422]
Jamaal Magloire,1,2004,,[423]
Kenyon Martin,1,2004,,[424]
Jamal Mashburn,1,2003,,[425]
Anthony Mason,1,2001,,[426]
Xavier McDaniel,1,1988,,[427]
Antonio McDyess,1,2001,,[428]
Jon McGlocklin,1,1969,,[429]
Tom Meschery,1,1963,,[430]
Khris Middleton,1,2019,,[431]
Eddie Miles,1,1966,,[432]
Mike Mitchell,1,1981,,[433]
Steve Mix,1,1975,,[434]
Jack Molinas,1,1954,Missed 1954,[436]
Calvin Murphy,1,1979,,[437]
Calvin Natt,1,1985,,[438]
Jameer Nelson,1,2009,Missed 2009,[439]
Chuck Noble,1,1960,,[440]
Charles Oakley,1,1994,,[441]
Mehmet Okur,1,2007,,[442]
Ricky Pierce,1,1991,,[443]
Kristaps Porziņģis,1,2018,Missed 2018,[444]
Jim Price,1,1975,,[445]
Theo Ratliff,1,2001,Missed 2001,[446]
Michael Redd,1,2004,,[447]
Richie Regan,1,1957,,[448]
Doc Rivers,1,1988,,[449]
Clifford Robinson,1,1994,,[450]
Flynn Robinson,1,1970,,[451]
Curtis Rowe,1,1976,,[452]
Bob Rule,1,1970,,[453]
Campy Russell,1,1979,,[454]
Cazzie Russell,1,1972,,[455]
D'Angelo Russell,1,2019,,[456]
Woody Sauldsberry,1,1959,,[457]
Fred Schaus,1,1951,,[458]
Lee Shaffer,1,1963,,[459]
Lonnie Shelton,1,1982,,[460]
Ben Simmons,1,2019,,[461]
Adrian Smith,1,1966,,[462]
Steve Smith,1,1998,,[463]
Rik Smits,1,1998,,[464]
John Starks,1,1994,,[465]
Don Sunderlage,1,1954,,[466]
Wally Szczerbiak,1,2002,,[467]
Jeff Teague,1,2015,,[468]
Otis Thorpe,1,1992,,[469]
Nick Van Exel,1,1998,,[470]
Nikola Vučević,1,2019,,[471]
Gerald Wallace,1,2010,,[472]
Paul Walther,1,1952,,[473]
Kermit Washington,1,1980,,[474]
Jayson Williams,1,1998,,[475]
Mo Williams,1,2009,,[476]
Kevin Willis,1,1992,,[477]
Metta World Peace,1,2004,,[478]
Max Zaslofsky,1,1952,,[479]
