Player,Birth Year,Final,Champion
A.C. Green,1964.0,5,3
A.J. Bramlett,1977.0,0,0
A.J. English,1968.0,0,0
A.J. Guyton,1979.0,0,0
A.J. Hammons,1993.0,0,0
A.J. Price,1987.0,1,0
A.J. Wynder,1965.0,0,0
Aaron Brooks,1985.0,0,0
Aaron Gordon,1996.0,0,0
Aaron Gray,1985.0,0,0
Aaron Harrison,1995.0,0,0
Aaron McKie,1973.0,1,0
Aaron Miles,1984.0,0,0
Aaron Swinson,1971.0,0,0
Aaron Williams,1972.0,2,0
Acie Earl,1971.0,0,0
Acie Law,1985.0,0,0
Adam Harrington,1981.0,0,0
Adam Keefe,1971.0,2,0
Adam Morrison,1985.0,2,2
Adonal Foyle,1976.0,1,0
Adonis Jordan,1971.0,0,0
Adonis Thomas,1994.0,0,0
Adreian Payne,1992.0,0,0
Adrian Branch,1964.0,1,1
Adrian Caldwell,1967.0,1,1
Adrian Dantley,1957.0,2,1
Adrian Griffin,1975.0,1,0
Al Harrington,1981.0,1,0
Al Horford,1987.0,0,0
Al Jefferson,1985.0,0,0
Al Thornton,1984.0,0,0
Al Wood,1959.0,0,0
Al-Farouq Aminu,1991.0,0,0
Alaa Abdelnaby,1969.0,1,0
Alan Anderson,1983.0,0,0
Alan Hardy,1958.0,0,0
Alan Henderson,1973.0,0,0
Alan Ogg,1968.0,0,0
Alan Williams,1993.0,0,0
Alando Tucker,1985.0,0,0
Albert King,1960.0,0,0
Alec Burks,1992.0,0,0
Alec Kessler,1967.0,0,0
Aleksandar Djordjevic,1968.0,0,0
Aleksandar Radojevic,1977.0,0,0
Alex Abrines,1994.0,0,0
Alex Acker,1983.0,0,0
Alex Blackwell,1971.0,0,0
Alex Bradley,1960.0,0,0
Alex English,1954.0,0,0
Alex Garcia,1981.0,0,0
Alex Kirk,1992.0,1,0
Alex Len,1994.0,0,0
Alex Poythress,1994.0,0,0
Alex Scales,1979.0,0,0
Alex Stepheson,1988.0,0,0
Alex Stivrins,1963.0,1,0
Alexander Johnson,1984.0,0,0
Alexander Volkov,1965.0,0,0
Alexey Shved,1989.0,0,0
Alexis Ajinca,1989.0,1,1
Alfredrick Hughes,1963.0,0,0
Allan Bristow,1952.0,0,0
Allan Houston,1972.0,1,0
Allan Ray,1985.0,0,0
Allen Crabbe,1993.0,0,0
Allen Iverson,1976.0,1,0
Allen Leavell,1958.0,2,0
Alonzo Gee,1988.0,0,0
Alonzo Mourning,1971.0,1,1
Alphonso Ford,1972.0,0,0
Alton Ford,1982.0,0,0
Alton Lister,1959.0,0,0
Alvan Adams,1955.0,1,0
Alvin Heggs,1968.0,0,0
Alvin Jones,1979.0,0,0
Alvin Robertson,1963.0,0,0
Alvin Scott,1956.0,0,0
Alvin Sims,1975.0,0,0
Alvin Williams,1975.0,0,0
Amal McCaskill,1974.0,0,0
Amar'e Stoudemire,1983.0,0,0
Amir Johnson,1988.0,0,0
Anderson Varejao,1983.0,5,2
Andrae Patterson,1976.0,0,0
Andray Blatche,1987.0,0,0
Andre Barrett,1983.0,0,0
Andre Brown,1982.0,0,0
Andre Dawkins,1992.0,0,0
Andre Drummond,1994.0,0,0
Andre Emmett,1983.0,0,0
Andre Iguodala,1984.0,3,2
Andre Miller,1977.0,0,0
Andre Moore,1965.0,0,0
Andre Owens,1981.0,0,0
Andre Roberson,1992.0,0,0
Andre Spencer,1965.0,0,0
Andre Turner,1965.0,1,0
Andrea Bargnani,1986.0,0,0
Andreas Glyniadakis,1982.0,0,0
Andrei Kirilenko,1982.0,0,0
Andres Guibert,1969.0,0,0
Andres Nocioni,1980.0,0,0
Andrew Bogut,1985.0,3,1
Andrew Bynum,1988.0,3,2
Andrew DeClercq,1974.0,0,0
Andrew Gaze,1966.0,1,1
Andrew Goudelock,1989.0,0,0
Andrew Harrison,1995.0,0,0
Andrew Lang,1967.0,0,0
Andrew Nicholson,1990.0,0,0
Andrew Toney,1958.0,2,1
Andrew Wiggins,1996.0,0,0
Andris Biedrins,1987.0,0,0
Andy Panko,1978.0,0,0
Andy Rautins,1987.0,0,0
Andy Toolson,1966.0,0,0
Anfernee Hardaway,1972.0,1,0
Ansu Sesay,1977.0,0,0
Antawn Jamison,1977.0,0,0
Anthony Avent,1970.0,1,0
Anthony Bennett,1994.0,0,0
Anthony Bonner,1969.0,1,0
Anthony Bowie,1964.0,1,0
Anthony Brown,1993.0,0,0
Anthony Carter,1976.0,0,0
Anthony Cook,1968.0,0,0
Anthony Davis,1994.0,0,0
Anthony Frederick,1965.0,0,0
Anthony Goldwire,1972.0,2,1
Anthony Grundy,1980.0,0,0
Anthony Johnson,1975.0,3,0
Anthony Jones,1963.0,0,0
Anthony Mason,1967.0,1,0
Anthony Miller,1972.0,1,0
Anthony Morrow,1986.0,0,0
Anthony Parker,1976.0,0,0
Anthony Peeler,1970.0,0,0
Anthony Pullard,1967.0,0,0
Anthony Randolph,1990.0,0,0
Anthony Roberson,1984.0,0,0
Anthony Roberts,1956.0,0,0
Anthony Taylor,1966.0,0,0
Anthony Tolliver,1986.0,0,0
Anthony Tucker,1970.0,0,0
Antoine Carr,1962.0,2,0
Antoine Rigaudeau,1972.0,0,0
Antoine Walker,1977.0,1,1
Antoine Wright,1985.0,0,0
Antonio Anderson,1986.0,0,0
Antonio Burks,1981.0,0,0
Antonio Daniels,1976.0,1,1
Antonio Davis,1969.0,0,0
Antonio Harvey,1971.0,0,0
Antonio Lang,1973.0,0,0
Antonio McDyess,1975.0,1,0
Antonis Fotsis,1982.0,0,0
Archie Goodwin,1995.0,0,0
Arinze Onuaku,1988.0,0,0
Armen Gilliam,1965.0,0,0
Armon Johnson,1990.0,0,0
Armond Hill,1954.0,0,0
Arnett Moultrie,1991.0,0,0
Aron Baynes,1987.0,2,1
Arron Afflalo,1986.0,0,0
Art Long,1973.0,0,0
Artis Gilmore,1950.0,0,0
Arvydas Macijauskas,1980.0,0,0
Arvydas Sabonis,1965.0,0,0
Ashraf Amaya,1972.0,0,0
Askia Jones,1972.0,0,0
Audie Norris,1961.0,0,0
Austin Croshere,1976.0,1,0
Austin Daye,1989.0,1,1
Austin Rivers,1993.0,0,0
Avery Bradley,1991.0,0,0
Avery Johnson,1966.0,1,1
Awvee Storey,1978.0,0,0
Axel Toupane,1993.0,0,0
B.J. Armstrong,1968.0,3,3
B.J. Tyler,1972.0,0,0
Baron Davis,1980.0,0,0
Barry Stevens,1963.0,0,0
Barry Sumpter,1966.0,0,0
Bart Kofoed,1965.0,0,0
Ben Bentil,1996.0,0,0
Ben Coleman,1962.0,0,0
Ben Davis,1973.0,1,0
Ben Gillery,1966.0,0,0
Ben Gordon,1984.0,0,0
Ben Handlogten,1974.0,0,0
Ben Hansbrough,1988.0,0,0
Ben McDonald,1963.0,0,0
Ben McLemore,1994.0,0,0
Ben Poquette,1956.0,0,0
Ben Uzoh,1989.0,0,0
Ben Wallace,1975.0,2,1
Beno Udrih,1983.0,2,2
Benoit Benjamin,1965.0,0,0
Bernard James,1986.0,0,0
Bernard King,1957.0,0,0
Bernard Robinson,1981.0,0,0
Bernard Thompson,1963.0,0,0
Bill Cartwright,1958.0,3,3
Bill Curley,1973.0,0,0
Bill Edwards,1972.0,0,0
Bill Garnett,1961.0,0,0
Bill Hanzlik,1958.0,0,0
Bill Jones,1967.0,0,0
Bill Laimbeer,1958.0,3,2
Bill Martin,1963.0,0,0
Bill Robinzine,1953.0,0,0
Bill Walton,1953.0,3,2
Bill Wennington,1964.0,3,3
Bill Willoughby,1958.0,1,0
Billy Donovan,1966.0,0,0
Billy Knight,1953.0,0,0
Billy McKinney,1956.0,0,0
Billy Owens,1970.0,0,0
Billy Paultz,1949.0,1,0
Billy Ray,1957.0,1,0
Billy Thomas,1976.0,0,0
Billy Thompson,1964.0,2,2
Bimbo Coles,1969.0,0,0
Bismack Biyombo,1993.0,0,0
Bison Dele,1970.0,1,1
Blair Rasmussen,1963.0,0,0
Blake Ahearn,1985.0,0,0
Blake Griffin,1990.0,0,0
Blue Edwards,1966.0,0,0
Bo Kimble,1967.0,0,0
Bo Outlaw,1972.0,0,0
Bob Dandridge,1948.0,4,2
Bob Gross,1954.0,1,1
Bob Hansen,1961.0,1,1
Bob Lanier,1949.0,0,0
Bob Martin,1970.0,0,0
Bob McAdoo,1952.0,4,2
Bob McCann,1965.0,0,0
Bob Miller,1957.0,0,0
Bob Sura,1974.0,1,1
Bob Thornton,1963.0,0,0
Bob Wilkerson,1955.0,0,0
Boban Marjanovic,1989.0,0,0
Bobby Brown,1985.0,0,0
Bobby Cattage,1959.0,0,0
Bobby Hurley,1972.0,0,0
Bobby Jackson,1974.0,0,0
Bobby Jones,1952.0,3,1
Bobby Jones,1984.0,0,0
Bobby Phills,1970.0,0,0
Bobby Portis,1996.0,0,0
Bobby Simmons,1981.0,0,0
Bojan Bogdanovic,1990.0,0,0
Boniface N'Dong,1978.0,0,0
Bonzi Wells,1977.0,0,0
Boris Diaw,1983.0,2,1
Bostjan Nachbar,1981.0,0,0
Bracey Wright,1985.0,0,0
Brad Branson,1959.0,0,0
Brad Daugherty,1966.0,0,0
Brad Davis,1956.0,0,0
Brad Holland,1957.0,1,1
Brad Lohaus,1965.0,0,0
Brad Miller,1977.0,0,0
Brad Sellers,1963.0,0,0
Brad Wright,1963.0,0,0
Bradley Beal,1994.0,0,0
Brandan Wright,1988.0,0,0
Branden Dawson,1994.0,0,0
Brandin Knight,1982.0,0,0
Brandon Armstrong,1981.0,2,0
Brandon Bass,1986.0,0,0
Brandon Davies,1992.0,0,0
Brandon Hunter,1981.0,0,0
Brandon Ingram,1998.0,0,0
Brandon Jennings,1990.0,0,0
Brandon Knight,1992.0,0,0
Brandon Roy,1985.0,0,0
Brandon Rush,1986.0,2,1
Brandon Williams,1976.0,1,1
Brant Weidner,1961.0,0,0
Brendan Haywood,1980.0,2,1
Brent Barry,1972.0,2,2
Brent Price,1969.0,0,0
Brent Scott,1972.0,0,0
Brett Szabo,1969.0,0,0
Brevin Knight,1976.0,0,0
Brian Cardinal,1978.0,1,1
Brian Cook,1981.0,3,0
Brian Davis,1971.0,0,0
Brian Evans,1974.0,0,0
Brian Grant,1973.0,0,0
Brian Howard,1968.0,0,0
Brian Martin,1963.0,0,0
Brian Oliver,1969.0,0,0
Brian Quinnett,1967.0,0,0
Brian Roberts,1986.0,0,0
Brian Rowsom,1966.0,0,0
Brian Scalabrine,1979.0,4,1
Brian Shaw,1967.0,4,3
Brian Skinner,1977.0,0,0
Brian Taylor,1952.0,0,0
Brian Winters,1953.0,0,0
Briante Weber,1993.0,1,1
Brice Johnson,1995.0,0,0
Britton Johnsen,1980.0,0,0
Brook Lopez,1989.0,0,0
Brook Steppe,1960.0,0,0
Brooks Thompson,1971.0,2,0
Bruce Bowen,1972.0,3,3
Bruce Douglas,1965.0,0,0
Bruce Flowers,1958.0,0,0
Bruce Kuczenski,1962.0,0,0
Bruno Caboclo,1996.0,0,0
Bruno Sundov,1981.0,0,0
Bryan Warrick,1960.0,0,0
Bryant Reeves,1974.0,0,0
Bryant Stith,1971.0,0,0
Bryce Cotton,1993.0,0,0
Bryce Dejean-Jones,1993.0,0,0
Bryce Drew,1975.0,0,0
Bryn Forbes,1994.0,0,0
Bryon Russell,1971.0,3,0
Bubba Wells,1975.0,0,0
Buck Johnson,1964.0,0,0
Buck Williams,1961.0,2,0
Buddy Hield,1994.0,0,0
Butch Carter,1959.0,0,0
Butch Graves,1962.0,0,0
Byron Dinkins,1968.0,0,0
Byron Houston,1970.0,0,0
Byron Irvin,1967.0,1,0
Byron Mullens,1990.0,0,0
Byron Scott,1962.0,6,3
C.J. McCollum,1992.0,0,0
C.J. Miles,1988.0,0,0
C.J. Watson,1985.0,0,0
C.J. Wilcox,1991.0,0,0
Cal Bowdler,1978.0,0,0
Calbert Cheaney,1972.0,0,0
Caldwell Jones,1951.0,3,0
Calvin Booth,1977.0,0,0
Calvin Garrett,1957.0,2,0
Calvin Murphy,1949.0,1,0
Calvin Natt,1957.0,0,0
Cameron Bairstow,1991.0,0,0
Cameron Payne,1995.0,0,0
Campy Russell,1952.0,0,0
Carey Scurry,1963.0,0,0
Caris LeVert,1995.0,0,0
Carl Bailey,1959.0,0,0
Carl Henry,1961.0,0,0
Carl Herrera,1967.0,2,2
Carl Landry,1984.0,0,0
Carl Nicks,1959.0,0,0
Carl Thomas,1970.0,0,0
Carldell Johnson,1983.0,0,0
Carlos Arroyo,1980.0,2,0
Carlos Boozer,1982.0,0,0
Carlos Clark,1961.0,2,1
Carlos Delfino,1983.0,1,0
Carlos Rogers,1972.0,0,0
Carlos Terry,1957.0,0,0
Carlton McKinney,1965.0,0,0
Carmelo Anthony,1985.0,0,0
Caron Butler,1981.0,1,1
Carrick Felix,1991.0,0,0
Cartier Martin,1985.0,0,0
Casey Jacobsen,1982.0,0,0
Casey Shaw,1976.0,0,0
Casper Ware,1990.0,0,0
Cedric Ball,1969.0,0,0
Cedric Bozeman,1984.0,0,0
Cedric Ceballos,1970.0,1,0
Cedric Henderson,1966.0,0,0
Cedric Henderson,1976.0,0,0
Cedric Hunter,1965.0,0,0
Cedric Jackson,1987.0,0,0
Cedric Lewis,1970.0,0,0
Cedric Maxwell,1956.0,3,2
Cedric Simmons,1986.0,0,0
Cedrick Hordges,1957.0,0,0
Cezary Trybanski,1980.0,0,0
Chad Gallagher,1970.0,0,0
Chandler Parsons,1989.0,0,0
Channing Frye,1984.0,2,1
Charles Barkley,1964.0,1,0
Charles Bradley,1960.0,0,0
Charles Claxton,1971.0,0,0
Charles Davis,1959.0,0,0
Charles Jenkins,1990.0,0,0
Charles Jones,1958.0,1,1
Charles Jones,1962.0,0,0
Charles Jones,1976.0,0,0
Charles O'Bannon,1976.0,0,0
Charles Oakley,1964.0,1,0
Charles Pittman,1959.0,0,0
Charles Shackleford,1967.0,0,0
Charles Smith,1966.0,1,0
Charles Smith,1968.0,0,0
Charles Smith,1976.0,0,0
Charles Thomas,1970.0,0,0
Charlie Bell,1980.0,0,0
Charlie Criss,1949.0,0,0
Charlie Sitton,1963.0,0,0
Charlie Villanueva,1985.0,0,0
Charlie Ward,1971.0,1,0
Chase Budinger,1989.0,0,0
Chasson Randle,1994.0,0,0
Chauncey Billups,1977.0,2,1
Cheick Diallo,1997.0,0,0
Cheikh Samb,1985.0,0,0
Cherokee Parks,1973.0,0,0
Chinanu Onuaku,1997.0,0,0
Chris Andersen,1979.0,3,1
Chris Anstey,1975.0,0,0
Chris Babb,1991.0,0,0
Chris Bosh,1985.0,4,2
Chris Carr,1975.0,0,0
Chris Childs,1968.0,2,0
Chris Copeland,1985.0,0,0
Chris Corchiani,1969.0,0,0
Chris Crawford,1976.0,0,0
Chris Douglas-Roberts,1987.0,0,0
Chris Dudley,1966.0,1,0
Chris Duhon,1983.0,0,0
Chris Engler,1960.0,0,0
Chris Ford,1949.0,1,1
Chris Garner,1976.0,0,0
Chris Gatling,1968.0,0,0
Chris Herren,1976.0,0,0
Chris Hunter,1985.0,0,0
Chris Jefferies,1981.0,0,0
Chris Jent,1970.0,1,1
Chris Johnson,1986.0,0,0
Chris Johnson,1991.0,0,0
Chris Kaman,1983.0,0,0
Chris King,1970.0,0,0
Chris McCray,1985.0,0,0
Chris McCullough,1996.0,0,0
Chris McNealy,1962.0,0,0
Chris Mihm,1980.0,2,1
Chris Mills,1970.0,0,0
Chris Morris,1966.0,2,0
Chris Mullin,1964.0,1,0
Chris Munk,1968.0,0,0
Chris Owens,1980.0,0,0
Chris Paul,1986.0,0,0
Chris Porter,1979.0,0,0
Chris Quinn,1984.0,0,0
Chris Richard,1985.0,0,0
Chris Robinson,1975.0,0,0
Chris Singleton,1990.0,0,0
Chris Smith,1971.0,0,0
Chris Smith,1988.0,0,0
Chris Taft,1986.0,0,0
Chris Washburn,1966.0,0,0
Chris Webber,1974.0,0,0
Chris Welp,1964.0,0,0
Chris Whitney,1972.0,0,0
Chris Wilcox,1983.0,0,0
Chris Wright,1989.0,0,0
Chris Wright,1990.0,0,0
Christian Eyenga,1990.0,0,0
Christian Laettner,1970.0,0,0
Christian Wood,1996.0,0,0
Chubby Cox,1956.0,0,0
Chuck Aleksinas,1960.0,0,0
Chuck Hayes,1984.0,0,0
Chuck Nevitt,1960.0,3,2
Chuck Person,1965.0,0,0
Chucky Atkins,1975.0,1,1
Chucky Brown,1969.0,1,1
Clarence Kea,1960.0,0,0
Clarence Weatherspoon,1971.0,0,0
Clark Kellogg,1962.0,0,0
Claude Gregory,1959.0,0,0
Clay Johnson,1957.0,2,1
Cleanthony Early,1992.0,0,0
Clemon Johnson,1957.0,1,1
Cliff Alexander,1996.0,0,0
Cliff Levingston,1961.0,2,2
Cliff Robinson,1961.0,0,0
Clifford Lett,1966.0,0,0
Clifford Robinson,1967.0,2,0
Clifford Rozier,1973.0,0,0
Clint Capela,1995.0,0,0
Clint McDaniel,1973.0,0,0
Clint Richardson,1957.0,3,1
Clinton Smith,1964.0,0,0
Clinton Wheeler,1960.0,0,0
Clyde Drexler,1963.0,3,1
Coby Dietrick,1949.0,0,0
Coby Karl,1984.0,1,0
Cody Zeller,1993.0,0,0
Cole Aldrich,1989.0,1,0
Conner Henry,1964.0,1,0
Corey Beck,1972.0,0,0
Corey Benjamin,1979.0,0,0
Corey Brewer,1987.0,1,1
Corey Crowder,1970.0,0,0
Corey Gaines,1966.0,1,0
Corey Maggette,1980.0,0,0
Corey Williams,1971.0,1,1
Corie Blount,1969.0,0,0
Corliss Williamson,1974.0,1,1
Corny Thompson,1961.0,0,0
Corsley Edwards,1980.0,0,0
Cory Alexander,1974.0,0,0
Cory Blackwell,1964.0,0,0
Cory Carr,1976.0,0,0
Cory Higgins,1990.0,0,0
Cory Jefferson,1991.0,0,0
Cory Joseph,1992.0,2,1
Coty Clarke,1993.0,0,0
Courtney Alexander,1978.0,0,0
Courtney Fortson,1989.0,0,0
Courtney Lee,1986.0,1,0
Courtney Sims,1984.0,0,0
Cozell McQueen,1962.0,0,0
Craig Brackins,1988.0,0,0
Craig Dykema,1960.0,0,0
Craig Ehlo,1962.0,1,0
Craig Hodges,1961.0,2,2
Craig Neal,1965.0,0,0
Craig Shelton,1958.0,0,0
Craig Smith,1984.0,0,0
Cristiano Felicio,1993.0,0,0
Cuonzo Martin,1972.0,0,0
Curtis Borchardt,1981.0,0,0
Curtis Kitchen,1964.0,0,0
Cuttino Mobley,1976.0,0,0
D'Angelo Russell,1997.0,0,0
D.J. Augustin,1988.0,0,0
D.J. Kennedy,1990.0,0,0
D.J. Stephens,1991.0,0,0
D.J. Strawberry,1986.0,0,0
D.J. White,1987.0,0,0
DaJuan Summers,1988.0,0,0
Daequan Cook,1988.0,1,0
Dahntay Jones,1981.0,2,1
Dajuan Wagner,1984.0,0,0
Dale Davis,1970.0,1,0
Dale Ellis,1961.0,0,0
Dale Wilkinson,1961.0,0,0
Dalibor Bagaric,1981.0,0,0
Dallas Comegys,1965.0,0,0
Damian Jones,1996.0,1,1
Damian Lillard,1991.0,0,0
Damien Inglis,1996.0,0,0
Damien Wilkins,1980.0,0,0
Damion James,1988.0,1,1
Damir Markota,1986.0,0,0
Damjan Rudez,1987.0,0,0
Damon Jones,1977.0,1,0
Damon Stoudamire,1974.0,0,0
Damone Brown,1980.0,0,0
Dan Dickau,1979.0,0,0
Dan Gadzuric,1979.0,0,0
Dan Godfread,1968.0,0,0
Dan Issel,1949.0,0,0
Dan Langhi,1978.0,0,0
Dan Majerle,1966.0,1,0
Dan McClintock,1978.0,0,0
Dan O'Sullivan,1969.0,0,0
Dan Roundfield,1954.0,0,0
Dana Barros,1968.0,0,0
Dane Suttle,1962.0,0,0
Daniel Ewing,1984.0,0,0
Daniel Gibson,1987.0,1,0
Daniel Ochefu,1994.0,0,0
Daniel Orton,1991.0,0,0
Daniel Santiago,1977.0,0,0
Danilo Gallinari,1989.0,0,0
Danny Ainge,1960.0,6,2
Danny Ferry,1967.0,1,1
Danny Fortson,1977.0,0,0
Danny Granger,1984.0,0,0
Danny Green,1988.0,2,1
Danny Manning,1967.0,0,0
Danny Schayes,1960.0,0,0
Danny Vranes,1959.0,0,0
Danny Young,1963.0,2,0
Dante Cunningham,1988.0,0,0
Dante Exum,1996.0,0,0
Danuel House,1994.0,0,0
Darington Hobson,1988.0,0,0
Dario Saric,1995.0,0,0
Darius Johnson-Odom,1990.0,0,0
Darius Miles,1982.0,0,0
Darius Miller,1991.0,0,0
Darius Morris,1991.0,0,0
Darius Songaila,1979.0,0,0
Darius Washington,1986.0,0,0
Darko Milicic,1986.0,2,1
Darnell Jackson,1986.0,0,0
Darnell Mee,1972.0,0,0
Darnell Valentine,1960.0,0,0
Darrell Armstrong,1969.0,2,0
Darrell Arthur,1989.0,0,0
Darrell Griffith,1959.0,0,0
Darrell Lockhart,1961.0,0,0
Darrell Walker,1962.0,1,1
Darren Collison,1988.0,0,0
Darren Daye,1961.0,1,0
Darren Morningstar,1970.0,0,0
Darren Tillis,1961.0,0,0
Darrick Martin,1972.0,0,0
Darrin Hancock,1972.0,0,0
Darrun Hilliard,1994.0,0,0
Darryl Dawkins,1957.0,5,1
Darryl Johnson,1966.0,0,0
Darryl Watkins,1985.0,0,0
Darvin Ham,1974.0,2,1
Darwin Cook,1959.0,0,0
Dave Batton,1957.0,0,0
Dave Corzine,1957.0,1,0
Dave Cowens,1949.0,2,2
Dave Feitl,1963.0,0,0
Dave Greenwood,1958.0,1,1
Dave Henderson,1965.0,0,0
Dave Hoppen,1965.0,0,0
Dave Jamerson,1968.0,0,0
Dave Johnson,1971.0,0,0
Dave Magley,1960.0,0,0
Dave Popson,1965.0,0,0
Dave Robisch,1950.0,0,0
David Andersen,1981.0,0,0
David Benoit,1969.0,0,0
David Burns,1959.0,0,0
David Cooke,1964.0,0,0
David Harrison,1983.0,0,0
David Lee,1984.0,1,1
David Noel,1985.0,0,0
David Nwaba,1993.0,0,0
David Pope,1963.0,0,0
David Rivers,1965.0,1,0
David Robinson,1966.0,2,2
David Stockton,1992.0,0,0
David Thirdkill,1961.0,2,1
David Thompson,1955.0,0,0
David Vanterpool,1974.0,0,0
David Vaughn,1974.0,1,1
David Wear,1991.0,0,0
David Wesley,1971.0,1,0
David West,1981.0,1,1
David Wingate,1964.0,2,0
David Wood,1965.0,0,0
Davis Bertans,1993.0,0,0
DeAndre Jordan,1989.0,0,0
DeAndre Liggins,1989.0,2,0
DeAndre' Bembry,1995.0,0,0
DeJuan Blair,1990.0,1,0
DeJuan Wheat,1974.0,0,0
DeMar DeRozan,1990.0,0,0
DeMarco Johnson,1976.0,0,0
DeMarcus Cousins,1991.0,0,0
DeMarcus Nelson,1986.0,0,0
DeMarre Carroll,1987.0,0,0
DeQuan Jones,1991.0,0,0
DeSagana Diop,1982.0,1,0
DeShawn Stevenson,1982.0,1,1
DeWayne Scales,1959.0,0,0
Dean Garrett,1967.0,0,0
Dean Oliver,1979.0,0,0
Dedric Willoughby,1975.0,0,0
Dee Brown,1969.0,0,0
Dee Brown,1985.0,0,0
Dejounte Murray,1997.0,0,0
Delaney Rudd,1963.0,0,0
Dell Curry,1965.0,0,0
Dell Demps,1971.0,0,0
Delon Wright,1993.0,0,0
Delonte West,1984.0,0,0
Demetris Nichols,1985.0,0,0
Demetrius Calip,1970.0,0,0
Demetrius Jackson,1995.0,0,0
Deng Gai,1983.0,0,0
Dennis Awtrey,1949.0,2,1
Dennis Hopson,1966.0,2,2
Dennis Horner,1989.0,0,0
Dennis Johnson,1955.0,6,3
Dennis Nutt,1964.0,0,0
Dennis Rodman,1962.0,6,5
Dennis Schroder,1994.0,0,0
Dennis Scott,1969.0,2,0
Denzel Valentine,1994.0,0,0
DerMarr Johnson,1981.0,0,0
Derek Anderson,1975.0,1,1
Derek Fisher,1975.0,8,5
Derek Grimm,1975.0,0,0
Derek Harper,1962.0,1,0
Derek Hood,1977.0,0,0
Derek Smith,1962.0,0,0
Derek Strong,1969.0,0,0
Deron Williams,1985.0,1,0
Derrick Alston,1973.0,0,0
Derrick Brown,1988.0,0,0
Derrick Byars,1985.0,0,0
Derrick Caracter,1989.0,0,0
Derrick Chievous,1968.0,0,0
Derrick Coleman,1968.0,1,0
Derrick Dial,1976.0,1,0
Derrick Favors,1992.0,0,0
Derrick Gervin,1964.0,0,0
Derrick Jones,1998.0,0,0
Derrick McKey,1967.0,1,0
Derrick Phelps,1973.0,0,0
Derrick Rose,1989.0,0,0
Derrick Rowland,1960.0,0,0
Derrick Williams,1992.0,1,0
Derrick Zimmerman,1982.0,0,0
Desmon Farmer,1982.0,0,0
Desmond Ferguson,1978.0,0,0
Desmond Mason,1978.0,0,0
Desmond Penigar,1982.0,0,0
Detlef Schrempf,1963.0,1,0
Devean George,1978.0,4,3
Devin Booker,1997.0,0,0
Devin Brown,1979.0,2,2
Devin Durrant,1961.0,0,0
Devin Ebanks,1990.0,0,0
Devin Gray,1973.0,0,0
Devin Green,1983.0,0,0
Devin Harris,1984.0,1,0
Devyn Marble,1993.0,0,0
Dewayne Dedmon,1990.0,0,0
Dexter Boney,1971.0,0,0
Dexter Cambridge,1970.0,0,0
Dexter Pittman,1989.0,3,2
Dexter Shouse,1964.0,0,0
Deyonta Davis,1997.0,0,0
Diamond Stone,1998.0,0,0
Diante Garrett,1989.0,0,0
Dickey Simpkins,1973.0,3,3
Didier Ilunga-Mbenga,1981.0,4,2
Dijon Thompson,1984.0,0,0
Dikembe Mutombo,1967.0,2,0
Dino Radja,1968.0,0,0
Dion Glover,1979.0,1,1
Dion Waiters,1992.0,1,0
Dionte Christmas,1987.0,0,0
Dirk Minniefield,1961.0,0,0
Dirk Nowitzki,1979.0,2,1
Doc Rivers,1962.0,1,0
Domantas Sabonis,1997.0,0,0
Dominic McGuire,1986.0,0,0
Dominic Pressley,1965.0,0,0
Dominique Jones,1989.0,1,1
Dominique Wilkins,1960.0,0,0
Don Buse,1951.0,0,0
Don Collins,1959.0,0,0
Don Ford,1953.0,1,1
Don MacLean,1970.0,0,0
Don Reid,1974.0,0,0
Donald Hodge,1970.0,0,0
Donald Royal,1967.0,1,0
Donald Sloan,1988.0,0,0
Donald Whiteside,1970.0,0,0
Donatas Motiejunas,1991.0,0,0
Donell Taylor,1983.0,0,0
Donnell Harvey,1981.0,0,0
Donnie Boyce,1974.0,0,0
Donny Marshall,1973.0,2,0
Donta Smith,1984.0,0,0
Dontae' Jones,1976.0,0,0
Donte Greene,1989.0,0,0
Dontell Jefferson,1984.0,0,0
Dontonio Wingfield,1975.0,0,0
Donyell Marshall,1974.0,1,0
Dorell Wright,1986.0,1,1
Dorian Finney-Smith,1994.0,0,0
Doron Lamb,1992.0,0,0
Doug Christie,1971.0,1,0
Doug Edwards,1971.0,0,0
Doug Lee,1965.0,0,0
Doug McDermott,1992.0,0,0
Doug Overton,1970.0,0,0
Doug Roth,1968.0,0,0
Doug Smith,1970.0,0,0
Doug West,1968.0,0,0
Dragan Bender,1998.0,0,0
Dragan Tarlac,1974.0,0,0
Draymond Green,1991.0,3,2
Drazen Petrovic,1965.0,1,0
Drew Barry,1974.0,0,0
Drew Gooden,1982.0,1,0
Drew Gordon,1991.0,0,0
Duane Causwell,1969.0,0,0
Duane Cooper,1970.0,0,0
Duane Ferrell,1966.0,0,0
Duane Washington,1965.0,0,0
Dudley Bradley,1958.0,0,0
Duje Dukan,1992.0,0,0
Dwayne Jones,1984.0,1,0
Dwayne McClain,1964.0,0,0
Dwayne Morton,1972.0,0,0
Dwayne Polee,1964.0,0,0
Dwayne Schintzius,1969.0,0,0
Dwayne Whitfield,1973.0,0,0
Dwight Anderson,1961.0,0,0
Dwight Buycks,1990.0,0,0
Dwight Howard,1986.0,1,0
Dwight Jones,1953.0,1,0
Dwight Powell,1992.0,0,0
Dwyane Wade,1982.0,5,3
Dyron Nix,1968.0,0,0
E'Twaun Moore,1990.0,0,0
Earl Barron,1982.0,1,1
Earl Boykins,1977.0,0,0
Earl Clark,1988.0,0,0
Earl Cureton,1958.0,3,2
Earl Jones,1961.0,1,1
Earl Watson,1980.0,0,0
Ed Davis,1990.0,0,0
Ed Gray,1976.0,0,0
Ed Horton,1968.0,0,0
Ed Nealy,1961.0,1,1
Ed O'Bannon,1973.0,0,0
Ed Pinckney,1964.0,0,0
Ed Rains,1957.0,0,0
Ed Sherod,1960.0,0,0
Ed Stokes,1972.0,0,0
Eddie Basden,1984.0,0,0
Eddie Gill,1979.0,0,0
Eddie Griffin,1983.0,0,0
Eddie House,1979.0,3,1
Eddie Hughes,1961.0,0,0
Eddie Johnson,1956.0,0,0
Eddie Johnson,1960.0,0,0
Eddie Jones,1972.0,0,0
Eddie Jordan,1955.0,3,1
Eddie Lee,1963.0,0,0
Eddie Phillips,1962.0,0,0
Eddie Robinson,1977.0,0,0
Eddy Curry,1983.0,1,1
Edgar Jones,1957.0,0,0
Eduardo Najera,1977.0,0,0
Edwin Ubiles,1987.0,0,0
Edy Tavares,1993.0,1,0
Efthimi Rentzias,1976.0,0,0
Ekpe Udoh,1988.0,0,0
Elden Campbell,1969.0,3,1
Eldridge Recasner,1968.0,0,0
Elfrid Payton,1995.0,0,0
Elias Harris,1990.0,0,0
Elijah Millsap,1988.0,0,0
Elliot Perry,1970.0,0,0
Elliot Williams,1990.0,0,0
Elmer Bennett,1971.0,0,0
Elmore Spencer,1970.0,0,0
Elston Turner,1960.0,0,0
Elton Brand,1980.0,0,0
Elvin Hayes,1946.0,3,1
Emanual Davis,1969.0,0,0
Emeka Okafor,1983.0,0,0
Emmanuel Mudiay,1997.0,0,0
Enes Kanter,1993.0,0,0
Ennis Whatley,1963.0,1,0
Eric Anderson,1971.0,1,0
Eric Bledsoe,1990.0,0,0
Eric Dawson,1985.0,0,0
Eric Fernsten,1954.0,1,1
Eric Gordon,1989.0,0,0
Eric Johnson,1967.0,0,0
Eric Leckner,1967.0,0,0
Eric Maynor,1988.0,1,0
Eric Mobley,1971.0,0,0
Eric Montross,1972.0,0,0
Eric Moreland,1992.0,0,0
Eric Murdock,1969.0,0,0
Eric Piatkowski,1971.0,0,0
Eric Riley,1971.0,1,1
Eric Snow,1974.0,3,0
Eric Washington,1975.0,0,0
Eric White,1966.0,0,0
Eric Williams,1973.0,1,1
Erick Barkley,1979.0,0,0
Erick Dampier,1976.0,2,0
Erick Green,1992.0,0,0
Erick Strickland,1974.0,0,0
Erik Daniels,1983.0,0,0
Erik Murphy,1991.0,0,0
Ernest Brown,1980.0,0,0
Ernie Grunfeld,1956.0,0,0
Ersan Ilyasova,1988.0,0,0
Ervin Johnson,1968.0,1,0
Esteban Batista,1984.0,0,0
Etan Thomas,1979.0,0,0
Etdrick Bohannon,1974.0,0,0
Eugene Jeter,1984.0,0,0
Evan Eschmeyer,1976.0,0,0
Evan Fournier,1993.0,0,0
Evan Turner,1989.0,0,0
Everette Stephens,1967.0,0,0
Evers Burns,1972.0,0,0
Evric Gray,1970.0,0,0
Fab Melo,1991.0,0,0
Fabricio Oberto,1976.0,1,1
Fat Lever,1961.0,0,0
Felipe Lopez,1975.0,0,0
Felton Spencer,1968.0,0,0
Fennis Dembo,1966.0,1,1
Fernando Martin,1963.0,0,0
Festus Ezeli,1990.0,2,1
Foots Walker,1952.0,0,0
Forrest McKenzie,1964.0,0,0
Francisco Elson,1977.0,1,1
Francisco Garcia,1982.0,0,0
Frank Brickowski,1960.0,2,1
Frank Johnson,1959.0,1,0
Frank Kaminsky,1994.0,0,0
Frank Kornet,1967.0,0,0
Frank Williams,1981.0,0,0
Frankie King,1973.0,0,0
Franklin Edwards,1960.0,2,1
Fred Brown,1949.0,2,1
Fred Cofield,1962.0,0,0
Fred Hoiberg,1973.0,0,0
Fred Jones,1980.0,0,0
Fred Roberts,1961.0,1,0
Fred VanVleet,1995.0,0,0
Fred Vinson,1971.0,0,0
Freeman Williams,1957.0,0,0
Furkan Aldemir,1992.0,0,0
Gabe Pruitt,1987.0,1,1
Gal Mekel,1989.0,0,0
Gani Lawal,1989.0,0,0
Garret Siler,1987.0,0,0
Garrett Temple,1987.0,0,0
Garry Witts,1960.0,0,0
Garth Joseph,1974.0,0,0
Gary Alexander,1970.0,0,0
Gary Forbes,1986.0,0,0
Gary Grant,1966.0,0,0
Gary Harris,1995.0,0,0
Gary Leonard,1968.0,0,0
Gary Neal,1985.0,1,0
Gary Payton,1969.0,3,1
Gary Payton,1993.0,0,0
Gary Plummer,1963.0,0,0
Gary Trent,1975.0,0,0
Gary Voce,1966.0,0,0
Gaylon Nickerson,1970.0,0,0
Geert Hammink,1970.0,1,0
Gene Banks,1960.0,0,0
Geno Carlisle,1977.0,0,0
Geoff Crompton,1956.0,0,0
Geoff Huston,1958.0,0,0
George Gervin,1953.0,0,0
George Hill,1987.0,0,0
George Johnson,1949.0,1,1
George Johnson,1957.0,0,0
George Lynch,1971.0,1,0
George McCloud,1968.0,0,0
George McGinnis,1951.0,1,0
George Zidek,1974.0,0,0
Georges Niang,1994.0,0,0
Georgi Glouchkov,1960.0,0,0
Georgios Papagiannis,1998.0,0,0
Gerald Brown,1976.0,0,0
Gerald Fitch,1983.0,1,1
Gerald Glass,1968.0,0,0
Gerald Green,1986.0,0,0
Gerald Henderson,1956.0,3,3
Gerald Henderson,1988.0,0,0
Gerald Madkins,1970.0,0,0
Gerald Paddio,1966.0,1,0
Gerald Wallace,1983.0,0,0
Gerald Wilkins,1964.0,0,0
Gerard King,1973.0,1,1
Gheorghe Muresan,1972.0,0,0
Giannis Antetokounmpo,1995.0,0,0
Gilbert Arenas,1982.0,0,0
Glen Davis,1986.0,2,1
Glen Gondrezick,1956.0,0,0
Glen Rice,1968.0,1,1
Glen Rice,1991.0,0,0
Glenn Hagan,1956.0,0,0
Glenn Robinson,1973.0,1,1
Glenn Robinson,1994.0,0,0
God Shammgod,1977.0,0,0
Goran Dragic,1987.0,0,0
Gordan Giricek,1978.0,0,0
Gordon Hayward,1991.0,0,0
Gorgui Dieng,1990.0,0,0
Grant Gondrezick,1963.0,0,0
Grant Hill,1973.0,0,0
Grant Jerrett,1994.0,0,0
Grant Long,1967.0,0,0
Granville Waiters,1961.0,1,0
Greg Anderson,1965.0,0,0
Greg Anthony,1968.0,1,0
Greg Ballard,1955.0,2,1
Greg Buckner,1977.0,0,0
Greg Butler,1967.0,0,0
Greg Dreiling,1963.0,0,0
Greg Foster,1969.0,3,1
Greg Graham,1971.0,0,0
Greg Grant,1967.0,0,0
Greg Kelser,1958.0,0,0
Greg Kite,1962.0,4,2
Greg Minor,1972.0,0,0
Greg Monroe,1991.0,0,0
Greg Oden,1988.0,1,0
Greg Ostertag,1974.0,2,0
Greg Smith,1991.0,0,0
Greg Stiemsma,1986.0,0,0
Greg Stokes,1964.0,0,0
Greg Sutton,1968.0,0,0
Greivis Vasquez,1987.0,0,0
Guillermo Diaz,1986.0,0,0
Gundars Vetra,1968.0,0,0
Gus Williams,1954.0,2,1
Gustavo Ayon,1986.0,0,0
Guy Morgan,1961.0,0,0
Guy Rucker,1978.0,0,0
Guy Williams,1961.0,0,0
Ha Seung-Jin,1986.0,0,0
Hakeem Olajuwon,1963.0,3,2
Hakim Warrick,1983.0,0,0
Hamady N'Diaye,1987.0,0,0
Hamed Haddadi,1986.0,0,0
Hank McDowell,1960.0,1,0
Hanno Mottola,1977.0,0,0
Harold Ellis,1971.0,0,0
Harold Jamison,1977.0,0,0
Harold Keeling,1964.0,0,0
Harold Miner,1972.0,0,0
Harold Pressley,1964.0,0,0
Harrison Barnes,1993.0,2,1
Harvey Catchings,1952.0,1,0
Harvey Grant,1966.0,0,0
Hasheem Thabeet,1988.0,0,0
Hassan Adams,1985.0,0,0
Hassan Whiteside,1990.0,0,0
Hawkeye Whitney,1958.0,0,0
Haywoode Workman,1966.0,0,0
Hedo Turkoglu,1980.0,1,0
Henry Ellenson,1997.0,0,0
Henry James,1966.0,0,0
Henry Sims,1991.0,0,0
Henry Turner,1967.0,0,0
Henry Walker,1988.0,1,0
Herb Williams,1959.0,2,0
Hersey Hawkins,1967.0,1,0
Hilton Armstrong,1985.0,0,0
Hiram Fuller,1982.0,0,0
Hollis Copeland,1956.0,0,0
Hollis Thompson,1992.0,0,0
Horace Grant,1966.0,6,4
Horace Jenkins,1975.0,1,0
Horacio Llamas,1974.0,0,0
Hot Rod,1963.0,0,0
Howard Carter,1962.0,0,0
Howard Eisley,1973.0,2,0
Howard Nathan,1972.0,0,0
Howard Wood,1960.0,0,0
Howard Wright,1968.0,0,0
Hubert Davis,1971.0,2,1
Hutch Jones,1960.0,0,0
Ian Clark,1992.0,2,1
Ian Lockhart,1968.0,0,0
Ian Mahinmi,1987.0,1,1
Ibo Kutluay,1975.0,0,0
Igor Rakocevic,1979.0,0,0
Ike Diogu,1984.0,0,0
Iman Shumpert,1991.0,3,1
Ime Udoka,1978.0,1,0
Ira Bowman,1974.0,0,0
Ira Newble,1975.0,2,0
Irving Thomas,1966.0,1,0
Isaac Austin,1970.0,0,0
Isaac Fontaine,1976.0,0,0
Isaiah Canaan,1992.0,0,0
Isaiah Morris,1970.0,0,0
Isaiah Rider,1972.0,1,1
Isaiah Taylor,1995.0,0,0
Isaiah Thomas,1990.0,0,0
Isaiah Whitehead,1996.0,0,0
Ish Smith,1989.0,0,0
Isiah Thomas,1962.0,3,2
Ivan Johnson,1985.0,0,0
Ivan McFarlin,1983.0,0,0
Ivano Newbill,1971.0,0,0
Ivica Zubac,1998.0,0,0
J.J. Anderson,1961.0,1,1
J.J. Barea,1985.0,1,1
J.J. Hickson,1989.0,0,0
J.J. O'Brien,1993.0,0,0
J.J. Redick,1985.0,1,0
J.R. Bremer,1981.0,0,0
J.R. Giddens,1986.0,1,0
J.R. Henderson,1977.0,0,0
J.R. Reid,1969.0,0,0
J.R. Smith,1986.0,3,1
JaJuan Johnson,1990.0,0,0
JaKarr Sampson,1994.0,0,0
JaMychal Green,1991.0,0,0
JaVale McGee,1988.0,1,1
Jabari Brown,1993.0,0,0
Jabari Parker,1996.0,0,0
Jabari Smith,1978.0,0,0
Jack Cooley,1992.0,0,0
Jack Haley,1964.0,1,1
Jack Sikma,1956.0,2,1
Jackie Butler,1986.0,1,1
Jackie Robinson,1956.0,1,1
Jackson Vroman,1982.0,0,0
Jacque Vaughn,1976.0,2,1
Jae Crowder,1991.0,0,0
Jahidi White,1977.0,0,0
Jahlil Okafor,1996.0,0,0
Jake Layman,1995.0,0,0
Jake Tsakalidis,1980.0,0,0
Jake Voskuhl,1978.0,0,0
Jakob Poeltl,1996.0,0,0
Jalen Rose,1973.0,1,0
Jamaal Franklin,1992.0,0,0
Jamaal Magloire,1979.0,1,0
Jamaal Tinsley,1979.0,0,0
Jamaal Wilkes,1954.0,6,4
Jamal Crawford,1981.0,0,0
Jamal Mashburn,1973.0,0,0
Jamal Murray,1998.0,0,0
Jamal Robinson,1974.0,0,0
Jamal Sampson,1984.0,1,0
Jamario Moon,1981.0,0,0
Jameer Nelson,1983.0,1,0
Jamel Thomas,1974.0,0,0
James Anderson,1990.0,1,0
James Augustine,1985.0,0,0
James Bailey,1958.0,0,0
James Blackwell,1969.0,0,0
James Collins,1974.0,0,0
James Cotton,1976.0,0,0
James Donaldson,1958.0,0,0
James Edwards,1956.0,4,3
James Ennis,1991.0,0,0
James Harden,1990.0,1,0
James Hardy,1957.0,0,0
James Johnson,1988.0,0,0
James Jones,1981.0,7,3
James Lang,1984.0,0,0
James Michael,1993.0,3,2
James Nunnally,1991.0,0,0
James Posey,1977.0,2,2
James Ray,1958.0,0,0
James Robinson,1971.0,0,0
James Scott,1973.0,0,0
James Silas,1950.0,0,0
James Singleton,1982.0,0,0
James Southerland,1991.0,0,0
James Thomas,1981.0,0,0
James White,1983.0,1,1
James Wilkes,1959.0,0,0
James Worthy,1962.0,7,3
James Young,1996.0,0,0
JamesOn Curry,1986.0,0,0
Jamie Feick,1975.0,0,0
Jamie Waller,1965.0,0,0
Jamie Watson,1973.0,1,0
Jamison Brewer,1981.0,0,0
Jan Van,1952.0,0,0
Jan Vesely,1991.0,0,0
Jannero Pargo,1980.0,1,0
Jared Cunningham,1992.0,1,1
Jared Dudley,1986.0,0,0
Jared Jeffries,1982.0,0,0
Jared Reiner,1983.0,0,0
Jared Sullinger,1993.0,0,0
Jarell Eddie,1992.0,0,0
Jarell Martin,1995.0,0,0
Jaren Jackson,1968.0,1,1
Jarnell Stokes,1994.0,0,0
Jarrett Jack,1984.0,0,0
Jarrod Uthoff,1994.0,0,0
Jarron Collins,1979.0,0,0
Jarvis Hayes,1982.0,0,0
Jarvis Varnado,1989.0,1,1
Jason Caffey,1974.0,3,3
Jason Collier,1978.0,0,0
Jason Collins,1979.0,2,0
Jason Hart,1979.0,0,0
Jason Kapono,1982.0,1,1
Jason Kidd,1974.0,3,1
Jason Lawson,1975.0,0,0
Jason Maxiell,1984.0,0,0
Jason Miskiri,1976.0,0,0
Jason Richardson,1981.0,0,0
Jason Sasser,1974.0,0,0
Jason Smith,1987.0,0,0
Jason Terry,1978.0,2,1
Jason Thompson,1987.0,1,0
Jason Williams,1976.0,1,1
Javaris Crittenton,1988.0,1,0
Jawad Williams,1984.0,0,0
Jawann Oldham,1958.0,0,0
Jay Edwards,1969.0,0,0
Jay Guidinger,1970.0,0,0
Jay Humphries,1963.0,0,0
Jay Murphy,1963.0,0,0
Jay Taylor,1968.0,0,0
Jay Vincent,1960.0,0,0
Jay Williams,1982.0,0,0
Jaylen Brown,1997.0,0,0
Jayson Williams,1969.0,0,0
Jeff Adrien,1987.0,0,0
Jeff Ayres,1988.0,1,1
Jeff Cook,1957.0,0,0
Jeff Cross,1962.0,0,0
Jeff Foote,1988.0,0,0
Jeff Foster,1977.0,1,0
Jeff Grayer,1966.0,0,0
Jeff Green,1987.0,0,0
Jeff Hornacek,1964.0,2,0
Jeff Judkins,1957.0,0,0
Jeff Lamp,1960.0,2,1
Jeff Lebo,1967.0,0,0
Jeff Malone,1962.0,0,0
Jeff Martin,1967.0,0,0
Jeff McInnis,1975.0,0,0
Jeff Nordgaard,1974.0,0,0
Jeff Ruland,1959.0,0,0
Jeff Sanders,1966.0,0,0
Jeff Taylor,1960.0,0,0
Jeff Teague,1989.0,0,0
Jeff Trepagnier,1980.0,0,0
Jeff Turner,1963.0,1,0
Jeff Webster,1972.0,0,0
Jeff Wilkins,1956.0,0,0
Jeff Withey,1991.0,0,0
Jeffery Taylor,1990.0,0,0
Jeffrey Sheppard,1975.0,0,0
Jelani McCoy,1978.0,1,1
Jerald Honeycutt,1975.0,0,0
Jerami Grant,1995.0,0,0
Jerel McNeal,1988.0,0,0
Jeremy Evans,1988.0,0,0
Jeremy Lamb,1993.0,0,0
Jeremy Lin,1989.0,0,0
Jeremy Pargo,1987.0,0,0
Jeremy Richardson,1985.0,1,0
Jeremy Tyler,1992.0,0,0
Jerian Grant,1993.0,0,0
Jermaine Jackson,1977.0,0,0
Jermaine O'Neal,1979.0,0,0
Jermaine Taylor,1987.0,0,0
Jermareo Davidson,1985.0,0,0
Jerome Allen,1973.0,0,0
Jerome Beasley,1981.0,0,0
Jerome Dyson,1988.0,0,0
Jerome Harmon,1970.0,0,0
Jerome Henderson,1960.0,0,0
Jerome James,1976.0,0,0
Jerome Jordan,1987.0,0,0
Jerome Kersey,1963.0,3,1
Jerome Lane,1967.0,0,0
Jerome Moiso,1979.0,0,0
Jerome Whitehead,1957.0,0,0
Jerome Williams,1974.0,0,0
Jerrelle Benimon,1992.0,0,0
Jerrod Mustaf,1970.0,1,0
Jerry Eaves,1960.0,0,0
Jerry Reynolds,1963.0,0,0
Jerry Sichting,1957.0,2,1
Jerry Smith,1988.0,0,0
Jerry Stackhouse,1975.0,2,0
Jerryd Bayless,1989.0,0,0
Jeryl Sasser,1980.0,0,0
Jim Brewer,1952.0,1,1
Jim Brogan,1959.0,0,0
Jim Chones,1950.0,1,1
Jim Farmer,1965.0,0,0
Jim Grandholm,1961.0,0,0
Jim Jackson,1971.0,0,0
Jim Johnstone,1961.0,0,0
Jim Lampley,1961.0,0,0
Jim Les,1964.0,0,0
Jim McElroy,1954.0,0,0
Jim McIlvaine,1973.0,0,0
Jim Paxson,1958.0,0,0
Jim Petersen,1963.0,1,0
Jim Rowinski,1961.0,1,1
Jim Smith,1959.0,0,0
Jim Spanarkel,1958.0,1,0
Jim Thomas,1961.0,0,0
Jim Zoet,1954.0,0,0
Jimmer Fredette,1990.0,0,0
Jimmy Butler,1990.0,0,0
Jimmy Carruth,1970.0,0,0
Jimmy King,1974.0,0,0
Jimmy Oliver,1970.0,0,0
Jiri Welsch,1980.0,0,0
Jo Jo,1971.0,1,1
Joakim Noah,1986.0,0,0
Joao Vianna,1967.0,0,0
Jodie Meeks,1988.0,0,0
Joe Alexander,1987.0,0,0
Joe Arlauckas,1966.0,0,0
Joe Barry,1959.0,0,0
Joe Binion,1962.0,0,0
Joe Bryant,1955.0,1,0
Joe Cooper,1958.0,1,0
Joe Courtney,1970.0,1,1
Joe Crawford,1987.0,0,0
Joe Crispin,1980.0,1,1
Joe Dumars,1964.0,3,2
Joe Harris,1992.0,2,1
Joe Hassett,1956.0,2,1
Joe Ingles,1988.0,0,0
Joe Johnson,1982.0,0,0
Joe Kleine,1962.0,1,1
Joe Kopicki,1961.0,0,0
Joe Meriweather,1954.0,0,0
Joe Smith,1976.0,0,0
Joe Stephens,1973.0,0,0
Joe Wolf,1965.0,0,0
Joe Young,1993.0,0,0
Joel Anthony,1983.0,4,2
Joel Bolomboy,1994.0,0,0
Joel Embiid,1995.0,0,0
Joel Freeland,1988.0,0,0
Joel Kramer,1956.0,0,0
Joel Przybilla,1980.0,0,0
Joey Dorsey,1984.0,0,0
Joey Graham,1983.0,0,0
Joffrey Lauvergne,1992.0,0,0
Johan Petro,1986.0,0,0
John Amaechi,1971.0,0,0
John Bagley,1961.0,0,0
John Battle,1963.0,0,0
John Celestand,1978.0,1,1
John Coker,1972.0,0,0
John Crotty,1970.0,0,0
John Douglas,1957.0,0,0
John Drew,1955.0,0,0
John Duren,1959.0,0,0
John Edwards,1982.0,0,0
John Garris,1960.0,0,0
John Greig,1962.0,0,0
John Henson,1991.0,0,0
John Jenkins,1992.0,0,0
John Johnson,1948.0,2,1
John Lambert,1953.0,0,0
John Long,1957.0,1,1
John Lucas,1954.0,1,0
John Lucas,1983.0,0,0
John McCullough,1957.0,0,0
John Morton,1968.0,0,0
John Paxson,1961.0,3,3
John Pinone,1962.0,0,0
John Roche,1950.0,0,0
John Salley,1965.0,5,4
John Salmons,1980.0,0,0
John Schweitz,1961.0,0,0
John Shasky,1965.0,0,0
John Starks,1966.0,1,0
John Stockton,1963.0,2,0
John Stroeder,1959.0,0,0
John Thomas,1976.0,0,0
John Turner,1968.0,0,0
John Wall,1991.0,0,0
John Wallace,1975.0,0,0
John Williams,1967.0,0,0
Johnny Davis,1956.0,1,1
Johnny Dawkins,1964.0,0,0
Johnny High,1958.0,0,0
Johnny Moore,1959.0,0,0
Johnny Newman,1964.0,0,0
Johnny O'Bryant,1994.0,0,0
Johnny Rogers,1964.0,0,0
Johnny Taylor,1975.0,0,0
Jon Barry,1970.0,0,0
Jon Brockman,1988.0,0,0
Jon Koncak,1964.0,0,0
Jon Leuer,1990.0,0,0
Jon Sundvold,1962.0,0,0
Jonas Jerebko,1988.0,0,0
Jonas Valanciunas,1993.0,0,0
Jonathan Bender,1981.0,1,0
Jonathan Gibson,1988.0,0,0
Jonathan Kerner,1975.0,0,0
Jonathon Simmons,1990.0,0,0
Jonny Flynn,1990.0,0,0
Jordan Adams,1995.0,0,0
Jordan Clarkson,1993.0,0,0
Jordan Crawford,1989.0,0,0
Jordan Farmar,1987.0,3,2
Jordan Hamilton,1991.0,0,0
Jordan Hill,1988.0,0,0
Jordan McRae,1992.0,2,1
Jordan Mickey,1995.0,0,0
Jordan Williams,1991.0,0,0
Jorge Garbajosa,1978.0,0,0
Jorge Gutierrez,1989.0,0,0
Jose Calderon,1982.0,0,0
Jose Ortiz,1964.0,0,0
Jose Slaughter,1961.0,0,0
Joseph Forte,1982.0,0,0
Josh Akognon,1987.0,0,0
Josh Boone,1985.0,0,0
Josh Childress,1984.0,0,0
Josh Davis,1981.0,0,0
Josh Grant,1968.0,0,0
Josh Harrellson,1990.0,1,1
Josh Howard,1981.0,1,0
Josh Huestis,1992.0,0,0
Josh McRoberts,1988.0,0,0
Josh Powell,1983.0,3,2
Josh Richardson,1994.0,0,0
Josh Selby,1992.0,0,0
Josh Smith,1986.0,0,0
Jrue Holiday,1991.0,0,0
Juan Carlos,1981.0,0,0
Juan Dixon,1979.0,0,0
Juan Hernangomez,1996.0,0,0
Juaquin Hawkins,1974.0,0,0
Jud Buechler,1969.0,3,3
Julian Wright,1988.0,0,0
Julius Erving,1951.0,4,1
Julius Hodge,1984.0,0,0
Julius Nwosu,1972.0,0,0
Julius Randle,1995.0,0,0
Julyan Stone,1989.0,0,0
Jumaine Jones,1980.0,1,0
Junior Bridgeman,1954.0,0,0
Junior Burrough,1973.0,0,0
Junior Harrington,1981.0,0,0
Justin Anderson,1994.0,0,0
Justin Dentmon,1986.0,0,0
Justin Hamilton,1991.0,1,0
Justin Harper,1990.0,0,0
Justin Holiday,1990.0,1,1
Justin Reed,1982.0,0,0
Justin Williams,1985.0,0,0
Justise Winslow,1997.0,0,0
Jusuf Nurkic,1995.0,0,0
Juwan Howard,1974.0,3,2
K.J. McDaniels,1994.0,0,0
Kalin Lucas,1990.0,0,0
Kaniel Dickens,1979.0,0,0
Kannard Johnson,1966.0,0,0
Kareem Abdul-Jabbar,1948.0,10,6
Kareem Rush,1981.0,1,0
Karl Malone,1964.0,3,0
Karl-Anthony Towns,1996.0,0,0
Kasib Powell,1982.0,0,0
Kawhi Leonard,1992.0,2,1
Kay Felder,1996.0,1,0
Kebu Stewart,1974.0,0,0
Kedrick Brown,1982.0,0,0
Keith Appling,1993.0,0,0
Keith Askins,1968.0,0,0
Keith Benson,1989.0,0,0
Keith Bogans,1981.0,1,0
Keith Booth,1975.0,1,1
Keith Closs,1977.0,0,0
Keith Edmonson,1961.0,0,0
Keith Herron,1957.0,0,0
Keith Jennings,1969.0,0,0
Keith Langford,1984.0,0,0
Keith Lee,1963.0,0,0
Keith McLeod,1980.0,0,0
Keith Owens,1970.0,0,0
Keith Smart,1965.0,0,0
Keith Smith,1965.0,0,0
Keith Tower,1971.0,1,0
Keith Van,1976.0,2,0
Kelenna Azubuike,1984.0,0,0
Kelly McCarty,1976.0,0,0
Kelly Olynyk,1992.0,0,0
Kelly Oubre,1996.0,0,0
Kelly Tripucka,1960.0,0,0
Kelvin Cato,1975.0,0,0
Kelvin Ransey,1959.0,0,0
Kelvin Upshaw,1963.0,0,0
Kemba Walker,1991.0,0,0
Ken Austin,1962.0,0,0
Ken Bannister,1961.0,0,0
Ken Green,1960.0,0,0
Ken Johnson,1963.0,0,0
Ken Johnson,1979.0,0,0
Ken Norman,1965.0,0,0
Kendall Gill,1969.0,0,0
Kendall Marshall,1992.0,0,0
Kendrick Perkins,1985.0,4,1
Kennard Winchester,1967.0,0,0
Kenneth Faried,1990.0,0,0
Kenny Anderson,1971.0,0,0
Kenny Battle,1965.0,0,0
Kenny Carr,1956.0,1,1
Kenny Dennard,1959.0,0,0
Kenny Fields,1963.0,0,0
Kenny Gattison,1965.0,0,0
Kenny Green,1965.0,0,0
Kenny Higgs,1955.0,0,0
Kenny Natt,1959.0,0,0
Kenny Payne,1967.0,0,0
Kenny Satterfield,1982.0,0,0
Kenny Smith,1966.0,2,2
Kenny Thomas,1978.0,0,0
Kenny Walker,1965.0,0,0
Kenny Williams,1970.0,0,0
Kent Bazemore,1990.0,0,0
Kent Benson,1955.0,0,0
Kentavious Caldwell-Pope,1994.0,0,0
Kenton Edelin,1963.0,0,0
Kenyon Martin,1978.0,2,0
Keon Clark,1976.0,0,0
Kermit Washington,1952.0,0,0
Kerry Kittles,1975.0,2,0
Kevin Brooks,1970.0,0,0
Kevin Burleson,1980.0,0,0
Kevin Duckworth,1965.0,2,0
Kevin Durant,1989.0,2,1
Kevin Edwards,1966.0,0,0
Kevin Gamble,1966.0,0,0
Kevin Garnett,1977.0,2,1
Kevin Grevey,1954.0,2,1
Kevin Henderson,1965.0,0,0
Kevin Johnson,1967.0,1,0
Kevin Jones,1990.0,0,0
Kevin Kunnert,1952.0,0,0
Kevin Loder,1960.0,0,0
Kevin Love,1989.0,3,1
Kevin Lynch,1969.0,0,0
Kevin Martin,1984.0,0,0
Kevin McHale,1958.0,5,3
Kevin McKenna,1959.0,1,1
Kevin Murphy,1991.0,0,0
Kevin Ollie,1973.0,1,0
Kevin Porter,1951.0,1,0
Kevin Pritchard,1968.0,0,0
Kevin Restani,1952.0,0,0
Kevin Salvadori,1971.0,0,0
Kevin Seraphin,1990.0,0,0
Kevin Stacom,1952.0,1,1
Kevin Thompson,1972.0,0,0
Kevin Williams,1962.0,0,0
Kevin Willis,1963.0,1,1
Kevinn Pinkney,1984.0,0,0
Kevon Looney,1997.0,2,1
Keyon Dooling,1981.0,0,0
Khalid El-Amin,1980.0,0,0
Khalid Reeves,1973.0,0,0
Khris Middleton,1992.0,0,0
Kiki Vandeweghe,1959.0,0,0
Kim English,1989.0,0,0
Kirk Haston,1980.0,0,0
Kirk Hinrich,1981.0,0,0
Kirk Penney,1981.0,0,0
Kirk Snyder,1984.0,0,0
Kiwane Garris,1975.0,0,0
Klay Thompson,1991.0,3,2
Kobe Bryant,1979.0,7,5
Korleone Young,1979.0,0,0
Kornel David,1972.0,0,0
Kosta Koufos,1990.0,0,0
Kosta Perovic,1986.0,0,0
Kostas Papanikolaou,1991.0,0,0
Kris Dunn,1995.0,0,0
Kris Humphries,1986.0,0,0
Kris Joseph,1989.0,0,0
Kristaps Porzingis,1996.0,0,0
Kurk Lee,1968.0,0,0
Kurt Nimphius,1959.0,0,0
Kurt Rambis,1959.0,7,4
Kurt Thomas,1973.0,1,0
Kwame Brown,1983.0,1,0
Kyle Anderson,1994.0,0,0
Kyle Korver,1982.0,1,0
Kyle Lowry,1987.0,0,0
Kyle Macy,1958.0,0,0
Kyle O'Quinn,1991.0,0,0
Kyle Singler,1989.0,0,0
Kyle Weaver,1987.0,0,0
Kyle Wiltjer,1993.0,0,0
Kyrie Irving,1993.0,3,1
Kyrylo Fesenko,1987.0,0,0
LaBradford Smith,1970.0,0,0
LaMarcus Aldridge,1986.0,0,0
LaMark Baker,1970.0,0,0
LaPhonso Ellis,1971.0,0,0
LaSalle Thompson,1962.0,0,0
Lamar Odom,1980.0,3,2
Lamar Patterson,1992.0,0,0
Lamond Murray,1974.0,0,0
Lamont Strothers,1969.0,1,0
Lanard Copeland,1966.0,0,0
Lancaster Gordon,1963.0,0,0
Lance Allred,1982.0,0,0
Lance Blanks,1967.0,0,0
Lance Stephenson,1991.0,0,0
Lance Thomas,1989.0,0,0
Landry Fields,1989.0,0,0
Langston Galloway,1992.0,0,0
Lari Ketner,1978.0,0,0
Laron Profit,1978.0,0,0
Larry Bird,1957.0,5,3
Larry Demic,1958.0,0,0
Larry Drew,1959.0,1,0
Larry Drew,1991.0,0,0
Larry Hughes,1979.0,1,0
Larry Johnson,1970.0,1,0
Larry Kenon,1953.0,0,0
Larry Krystkowiak,1965.0,0,0
Larry Micheaux,1961.0,0,0
Larry Nance,1960.0,0,0
Larry Nance,1993.0,0,0
Larry Owens,1983.0,0,0
Larry Robinson,1968.0,1,1
Larry Sanders,1989.0,1,0
Larry Smith,1958.0,0,0
Larry Spriggs,1960.0,2,1
Larry Stewart,1969.0,0,0
Larry Sykes,1974.0,0,0
Larry Wright,1955.0,2,1
Latrell Sprewell,1971.0,1,0
Lavor Postell,1979.0,0,0
Lavoy Allen,1990.0,0,0
Lawrence Funderburke,1971.0,0,0
Lawrence Moten,1973.0,0,0
Lawrence Roberts,1983.0,0,0
Lazar Hayward,1987.0,1,0
Lazaro Borrell,1973.0,0,0
LeBron James,1985.0,8,3
LeRon Ellis,1970.0,0,0
Leandro Barbosa,1983.0,2,1
Ledell Eackles,1967.0,0,0
Lee Mayberry,1971.0,0,0
Lee Nailon,1976.0,0,0
Len Elmore,1953.0,0,0
Leo Rautins,1961.0,0,0
Leon Douglas,1955.0,0,0
Leon Powe,1984.0,1,1
Leon Smith,1981.0,0,0
Leon Wood,1963.0,0,0
Leonard Taylor,1967.0,0,0
Leroy Combs,1961.0,0,0
Les Jepsen,1968.0,0,0
Lester Conner,1960.0,0,0
Lester Hudson,1985.0,1,0
Lewis Lloyd,1960.0,1,0
Linas Kleiza,1985.0,0,0
Lindsey Hunter,1971.0,3,2
Linton Johnson,1981.0,1,1
Linton Townes,1960.0,0,0
Lionel Chalmers,1981.0,0,0
Lionel Hollins,1954.0,3,1
Lionel Simmons,1969.0,0,0
Litterial Green,1971.0,0,0
Lloyd Daniels,1968.0,0,0
Logan Vander,1972.0,0,0
Lonnie Shelton,1956.0,1,1
Lonny Baxter,1979.0,0,0
Loren Meyer,1973.0,0,0
Loren Woods,1979.0,0,0
Lorenzen Wright,1976.0,0,0
Lorenzo Brown,1991.0,0,0
Lorenzo Charles,1964.0,0,0
Lorenzo Romar,1959.0,0,0
Lorenzo Williams,1970.0,0,0
Lou Amundson,1983.0,1,0
Lou Roe,1973.0,0,0
Lou Williams,1987.0,0,0
Louis Orr,1959.0,0,0
Lowes Moore,1958.0,0,0
Loy Vaught,1969.0,0,0
Luc Longley,1969.0,3,3
Luc Mbah,1987.0,0,0
Lucas Nogueira,1993.0,0,0
Lucious Harris,1971.0,2,0
Luigi Datome,1988.0,0,0
Luis Flores,1982.0,0,0
Luis Montero,1994.0,0,0
Luis Scola,1981.0,0,0
Luke Babbitt,1990.0,0,0
Luke Harangody,1988.0,0,0
Luke Jackson,1982.0,0,0
Luke Ridnour,1982.0,0,0
Luke Schenscher,1983.0,0,0
Luke Walton,1981.0,4,2
Luke Zeller,1988.0,0,0
Luol Deng,1986.0,0,0
Luther Head,1983.0,0,0
Luther Wright,1972.0,0,0
Lynn Greer,1980.0,0,0
M.L. Carr,1951.0,3,2
Maalik Wayns,1992.0,0,0
Maceo Baston,1976.0,0,0
Maciej Lampe,1986.0,0,0
Magic Johnson,1960.0,9,5
Mahmoud Abdul-Rauf,1970.0,0,0
Major Jones,1954.0,1,0
Makhtar N'Diaye,1974.0,0,0
Malachi Richardson,1996.0,0,0
Malcolm Brogdon,1993.0,0,0
Malcolm Delaney,1990.0,0,0
Malcolm Lee,1991.0,0,0
Malcolm Mackey,1971.0,0,0
Malcolm Thomas,1989.0,1,1
Malik Allen,1979.0,0,0
Malik Beasley,1997.0,0,0
Malik Hairston,1988.0,0,0
Malik Rose,1975.0,3,3
Malik Sealy,1971.0,0,0
Mamadou N'Diaye,1976.0,0,0
Manny Harris,1990.0,0,0
Manu Ginobili,1978.0,5,4
Manute Bol,1963.0,0,0
MarShon Brooks,1989.0,0,0
Marc Gasol,1985.0,0,0
Marc Iavaroni,1957.0,1,1
Marc Jackson,1975.0,0,0
Marcelo Huertas,1984.0,0,0
Marcin Gortat,1985.0,1,0
Marco Belinelli,1987.0,1,1
Marcus Banks,1982.0,0,0
Marcus Brown,1975.0,0,0
Marcus Camby,1975.0,1,0
Marcus Cousin,1987.0,0,0
Marcus Fizer,1979.0,0,0
Marcus Georges-Hunt,1995.0,0,0
Marcus Haislip,1981.0,0,0
Marcus Landry,1986.0,1,0
Marcus Liberty,1969.0,0,0
Marcus Morris,1990.0,0,0
Marcus Smart,1995.0,0,0
Marcus Thornton,1988.0,0,0
Marcus Vinicius,1985.0,0,0
Marcus Webb,1971.0,0,0
Marcus Williams,1986.0,0,0
Marcus Williams,1987.0,0,0
Mardy Collins,1985.0,0,0
Mario Bennett,1974.0,0,0
Mario Chalmers,1987.0,4,2
Mario Elie,1964.0,3,3
Mario Hezonja,1996.0,0,0
Mario Kasun,1981.0,0,0
Mario West,1985.0,0,0
Mark Acres,1963.0,0,0
Mark Aguirre,1960.0,2,2
Mark Alarie,1964.0,0,0
Mark Blount,1976.0,0,0
Mark Bradtke,1969.0,0,0
Mark Bryant,1966.0,2,0
Mark Davis,1964.0,0,0
Mark Davis,1974.0,0,0
Mark Eaton,1957.0,0,0
Mark Hendrickson,1975.0,0,0
Mark Jackson,1966.0,1,0
Mark Jones,1962.0,0,0
Mark Jones,1976.0,0,0
Mark Landsberger,1956.0,3,2
Mark Macon,1970.0,0,0
Mark Madsen,1976.0,2,2
Mark McNamara,1960.0,2,1
Mark Olberding,1957.0,0,0
Mark Pope,1973.0,0,0
Mark Price,1965.0,0,0
Mark Radford,1960.0,0,0
Mark Randall,1968.0,1,1
Mark Strickland,1971.0,0,0
Mark Wade,1966.0,0,0
Mark West,1961.0,1,0
Markel Brown,1992.0,0,0
Markieff Morris,1990.0,0,0
Marko Jaric,1979.0,0,0
Marko Milic,1978.0,0,0
Marlon Garnett,1976.0,0,0
Marlon Maxey,1970.0,0,0
Marques Bragg,1971.0,0,0
Marques Johnson,1957.0,0,0
Marquese Chriss,1998.0,0,0
Marquis Daniels,1981.0,2,0
Marquis Teague,1994.0,0,0
Marreese Speights,1988.0,2,1
Marshall Plumlee,1993.0,0,0
Martell Webster,1987.0,0,0
Martin Lewis,1976.0,0,0
Martin Muursepp,1975.0,0,0
Martin Nessley,1966.0,0,0
Marty Byrnes,1957.0,1,1
Marty Conlon,1968.0,0,0
Martynas Andriuskevicius,1987.0,0,0
Marvin Webster,1953.0,1,0
Marvin Williams,1987.0,0,0
Mason Plumlee,1991.0,0,0
Mateen Cleaves,1978.0,0,0
Matt Barnes,1981.0,1,1
Matt Bonner,1981.0,3,2
Matt Bullard,1968.0,1,1
Matt Carroll,1981.0,0,0
Matt Fish,1970.0,0,0
Matt Freije,1982.0,0,0
Matt Geiger,1970.0,1,0
Matt Harpring,1977.0,0,0
Matt Maloney,1972.0,0,0
Matt Othick,1970.0,0,0
Matt Steigenga,1971.0,1,1
Matt Walsh,1983.0,1,1
Matt Wenstrom,1971.0,0,0
Matthew Dellavedova,1991.0,2,1
Maurice Ager,1985.0,0,0
Maurice Baker,1980.0,0,0
Maurice Carter,1977.0,1,0
Maurice Cheeks,1957.0,3,1
Maurice Evans,1979.0,1,0
Maurice Harkless,1994.0,0,0
Maurice Lucas,1953.0,1,1
Maurice Martin,1965.0,0,0
Maurice Ndour,1993.0,0,0
Maurice Taylor,1977.0,0,0
McKinley Singleton,1962.0,0,0
Mehmet Okur,1980.0,1,1
Mel Bennett,1955.0,0,0
Mel McCants,1968.0,0,0
Melvin Booker,1973.0,0,0
Melvin Ely,1979.0,1,1
Melvin Newbern,1968.0,0,0
Melvin Sanders,1981.0,0,0
Melvin Turpin,1961.0,0,0
Mengke Bateer,1976.0,1,1
Metta World Peace,1980.0,1,1
Meyers Leonard,1993.0,0,0
Michael Adams,1963.0,0,0
Michael Anderson,1967.0,0,0
Michael Ansley,1968.0,0,0
Michael Beasley,1989.0,1,0
Michael Bradley,1980.0,0,0
Michael Brooks,1959.0,0,0
Michael Cage,1962.0,0,0
Michael Carter-Williams,1992.0,0,0
Michael Cooper,1957.0,8,5
Michael Curry,1969.0,0,0
Michael Dickerson,1976.0,0,0
Michael Doleac,1978.0,1,1
Michael Finley,1974.0,2,1
Michael Gbinije,1993.0,0,0
Michael Hawkins,1973.0,0,0
Michael Jackson,1965.0,0,0
Michael Jordan,1964.0,6,6
Michael Kidd-Gilchrist,1994.0,0,0
Michael McDonald,1970.0,0,0
Michael Olowokandi,1976.0,0,0
Michael Phelps,1962.0,0,0
Michael Redd,1980.0,0,0
Michael Ruffin,1977.0,0,0
Michael Smith,1966.0,0,0
Michael Smith,1973.0,0,0
Michael Stewart,1976.0,0,0
Michael Wiley,1958.0,0,0
Michael Wilson,1960.0,0,0
Michael Young,1961.0,0,0
Micheal Ray,1956.0,0,0
Micheal Williams,1967.0,1,1
Mickael Gelabale,1984.0,0,0
Mickael Pietrus,1983.0,1,0
Mickell Gladness,1987.0,1,1
Mickey Dillard,1959.0,0,0
Mickey Johnson,1953.0,0,0
Mike Bantom,1952.0,2,0
Mike Batiste,1978.0,0,0
Mike Bibby,1979.0,1,0
Mike Bratz,1956.0,0,0
Mike Brittain,1964.0,0,0
Mike Brown,1964.0,0,0
Mike Champion,1965.0,0,0
Mike Conley,1988.0,0,0
Mike Davis,1957.0,0,0
Mike Dunleavy,1955.0,2,0
Mike Dunleavy,1981.0,1,0
Mike Evans,1956.0,0,0
Mike Gale,1951.0,0,0
Mike Gibson,1961.0,0,0
Mike Glenn,1956.0,0,0
Mike Gminski,1960.0,0,0
Mike Hall,1985.0,0,0
Mike Harper,1958.0,0,0
Mike Harris,1984.0,0,0
Mike Higgins,1968.0,0,0
Mike Holton,1962.0,0,0
Mike Iuzzolino,1968.0,0,0
Mike James,1976.0,1,1
Mike McGee,1960.0,4,2
Mike Miller,1981.0,4,2
Mike Mitchell,1956.0,0,0
Mike Morrison,1968.0,0,0
Mike Muscala,1992.0,0,0
Mike Newlin,1949.0,0,0
Mike O'Koren,1959.0,0,0
Mike Penberthy,1975.0,2,2
Mike Peplowski,1971.0,0,0
Mike Sanders,1961.0,0,0
Mike Scott,1989.0,0,0
Mike Smith,1977.0,0,0
Mike Smrek,1963.0,2,2
Mike Sweetney,1983.0,0,0
Mike Taylor,1986.0,0,0
Mike Tobey,1995.0,0,0
Mike Wilks,1980.0,1,1
Mike Williams,1964.0,0,0
Mike Woodson,1959.0,0,0
Mikki Moore,1976.0,0,0
Mile Ilic,1985.0,0,0
Miles Plumlee,1989.0,0,0
Miles Simon,1976.0,0,0
Milos Babic,1969.0,0,0
Milt Palacio,1979.0,0,0
Milt Wagner,1964.0,1,1
Mindaugas Kuzminskas,1990.0,0,0
Miroslav Raduljica,1988.0,0,0
Mirsad Turkcan,1977.0,0,0
Mirza Teletovic,1986.0,0,0
Mitch Kupchak,1955.0,5,3
Mitch McGary,1993.0,0,0
Mitch Richmond,1966.0,1,1
Mitchell Butler,1971.0,0,0
Mitchell Wiggins,1960.0,1,0
Mo Williams,1983.0,1,1
Monta Ellis,1986.0,0,0
Montrezl Harrell,1994.0,0,0
Monty Williams,1972.0,0,0
Moochie Norris,1974.0,0,0
Mookie Blaylock,1968.0,0,0
Morlon Wiley,1967.0,0,0
Morris Almond,1986.0,0,0
Morris Peterson,1978.0,0,0
Moses Malone,1956.0,2,1
Mouhamed Sene,1987.0,0,0
Muggsy Bogues,1965.0,0,0
Mustafa Shakur,1985.0,0,0
Mychal Thompson,1955.0,4,2
Mychel Thompson,1989.0,0,0
Myles Turner,1997.0,0,0
Myron Brown,1970.0,0,0
Myron Jackson,1965.0,0,0
Nando De,1988.0,2,1
Nate Blackwell,1966.0,0,0
Nate Driggers,1974.0,0,0
Nate Huffman,1976.0,0,0
Nate Johnston,1967.0,1,0
Nate McMillan,1965.0,1,0
Nate Robinson,1985.0,1,0
Nate Wolters,1992.0,0,0
Nathan Jawai,1987.0,0,0
Nazr Mohammed,1978.0,3,1
Ndudi Ebi,1985.0,0,0
Negele Knight,1968.0,1,0
Nemanja Bjelica,1989.0,0,0
Nemanja Nedovic,1992.0,0,0
Nenad Krstic,1984.0,0,0
Nene Hilario,1983.0,0,0
Nerlens Noel,1995.0,0,0
Nick Anderson,1968.0,1,0
Nick Calathes,1990.0,0,0
Nick Collison,1981.0,1,0
Nick Fazekas,1986.0,0,0
Nick Johnson,1993.0,0,0
Nick Van,1972.0,0,0
Nick Vanos,1964.0,0,0
Nick Young,1986.0,0,0
Nicolas Batum,1989.0,0,0
Nicolas Brussino,1994.0,0,0
Nicolas Laprovittola,1990.0,0,0
Nik Stauskas,1994.0,0,0
Nikita Wilson,1965.0,0,0
Nikola Jokic,1996.0,0,0
Nikola Mirotic,1992.0,0,0
Nikola Pekovic,1986.0,0,0
Nikola Vucevic,1991.0,0,0
Nikoloz Tskitishvili,1984.0,0,0
Noah Vonleh,1996.0,0,0
Noel Felix,1982.0,0,0
Nolan Smith,1989.0,0,0
Norm Nixon,1956.0,3,2
Norm Richardson,1980.0,0,0
Norman Powell,1994.0,0,0
Norris Cole,1989.0,3,2
Norris Coleman,1962.0,0,0
O.J. Mayo,1988.0,0,0
Obinna Ekezie,1976.0,0,0
Ognjen Kuzmic,1991.0,1,1
Okaro White,1993.0,0,0
Olden Polynice,1965.0,0,0
Oleksiy Pecherov,1986.0,0,0
Oliver Lafayette,1985.0,1,0
Oliver Miller,1971.0,1,0
Oliver Robinson,1961.0,0,0
Ollie Johnson,1950.0,1,0
Ollie Mack,1958.0,1,1
Olumide Oyedeji,1982.0,0,0
Omar Cook,1982.0,0,0
Omer Asik,1987.0,0,0
Omri Casspi,1989.0,0,0
Orien Greene,1983.0,0,0
Orlando Graham,1966.0,0,0
Orlando Johnson,1990.0,0,0
Orlando Woolridge,1960.0,1,0
Oscar Torres,1977.0,0,0
Othell Wilson,1962.0,0,0
Othella Harrington,1974.0,0,0
Othello Hunter,1987.0,0,0
Othyus Jeffers,1986.0,1,1
Otis Birdsong,1956.0,0,0
Otis Smith,1964.0,0,0
Otis Thorpe,1963.0,2,2
Otto Porter,1994.0,0,0
Ozell Jones,1961.0,0,0
P.J. Brown,1970.0,1,1
P.J. Hairston,1993.0,0,0
P.J. Tucker,1986.0,0,0
Pablo Prigioni,1978.0,0,0
Pace Mannion,1961.0,1,1
Pape Sow,1982.0,0,0
Pape Sy,1989.0,0,0
Pascal Siakam,1995.0,0,0
Pat Burke,1974.0,0,0
Pat Connaughton,1993.0,0,0
Pat Cummings,1957.0,0,0
Pat Durham,1968.0,0,0
Pat Garrity,1977.0,0,0
Patricio Garino,1994.0,0,0
Patrick Beverley,1989.0,0,0
Patrick Christopher,1989.0,0,0
Patrick Eddie,1968.0,0,0
Patrick Ewing,1963.0,2,0
Patrick Ewing,1985.0,0,0
Patrick McCaw,1996.0,1,1
Patrick O'Bryant,1987.0,0,0
Patrick Patterson,1990.0,0,0
Patty Mills,1989.0,2,1
Pau Gasol,1981.0,3,2
Paul Davis,1985.0,0,0
Paul George,1991.0,0,0
Paul Graham,1968.0,0,0
Paul Grant,1974.0,0,0
Paul Griffin,1954.0,0,0
Paul McPherson,1979.0,0,0
Paul Millsap,1986.0,0,0
Paul Mokeski,1957.0,0,0
Paul Pierce,1978.0,2,1
Paul Pressey,1959.0,0,0
Paul Shirley,1978.0,0,0
Paul Thompson,1962.0,0,0
Paul Westphal,1951.0,2,1
Paul Zipser,1995.0,0,0
Pavel Podkolzin,1985.0,1,0
Pearl Washington,1964.0,0,0
Peja Stojakovic,1978.0,1,1
Pepe Sanchez,1978.0,1,0
Pero Antic,1983.0,0,0
Perry Jones,1992.0,0,0
Perry Moss,1959.0,0,0
Perry Young,1964.0,0,0
Pervis Ellison,1968.0,0,0
Pete Chilcutt,1969.0,1,1
Pete Myers,1964.0,0,0
Pete Verhoeven,1960.0,0,0
Pete Williams,1966.0,0,0
Peter Aluma,1974.0,0,0
Peter John,1986.0,0,0
Peter Thibeaux,1962.0,0,0
Petur Gudmundsson,1959.0,0,0
Peyton Siva,1991.0,0,0
Phil Ford,1957.0,0,0
Phil Hubbard,1957.0,0,0
Phil Pressey,1992.0,0,0
Phil Smith,1953.0,1,1
Phil Zevenbergen,1965.0,0,0
Pierre Jackson,1992.0,0,0
Pooh Richardson,1967.0,0,0
Popeye Jones,1971.0,0,0
Pops Mensah-Bonsu,1984.0,0,0
Predrag Drobnjak,1976.0,0,0
Predrag Savovic,1977.0,0,0
Priest Lauderdale,1974.0,0,0
Primoz Brezec,1980.0,0,0
Purvis Short,1958.0,0,0
Quentin Richardson,1981.0,0,0
Quincy Acy,1991.0,0,0
Quincy Douby,1985.0,0,0
Quincy Lewis,1978.0,0,0
Quincy Miller,1993.0,0,0
Quincy Pondexter,1989.0,0,0
Quinn Buckner,1955.0,2,1
Quinn Cook,1994.0,0,0
Quintin Dailey,1961.0,0,0
Quinton Ross,1982.0,0,0
Qyntel Woods,1982.0,0,0
R.J. Hunter,1994.0,0,0
Radisav Curcic,1966.0,0,0
Raef LaFrentz,1977.0,0,0
Rafael Addison,1965.0,0,0
Rafael Araujo,1981.0,0,0
Rafer Alston,1977.0,1,0
Raja Bell,1977.0,1,0
Rajon Rondo,1987.0,2,1
Rakeem Christmas,1992.0,0,0
Ralph Jackson,1963.0,0,0
Ralph Lewis,1964.0,2,1
Ralph Sampson,1961.0,1,0
Ramon Rivas,1967.0,0,0
Ramon Sessions,1987.0,0,0
Randell Jackson,1976.0,0,0
Randolph Childress,1973.0,0,0
Randolph Keys,1967.0,0,0
Randolph Morris,1986.0,0,0
Randy Allen,1965.0,0,0
Randy Breuer,1961.0,0,0
Randy Brown,1969.0,3,3
Randy Foye,1984.0,0,0
Randy Holcomb,1980.0,0,0
Randy Livingston,1976.0,0,0
Randy Smith,1949.0,0,0
Randy White,1968.0,0,0
Randy Wittman,1960.0,0,0
Randy Woods,1971.0,0,0
Rashad McCants,1985.0,0,0
Rashad Vaughn,1997.0,0,0
Rashard Lewis,1980.0,3,1
Rasheed Wallace,1975.0,3,1
Rasho Nesterovic,1977.0,1,1
Rastko Cvetkovic,1971.0,0,0
Rasual Butler,1980.0,0,0
Ratko Varda,1980.0,0,0
Raul Lopez,1981.0,0,0
Raul Neto,1993.0,0,0
Rawle Marshall,1983.0,1,0
Ray Allen,1976.0,4,2
Ray Blume,1959.0,0,0
Ray McCallum,1992.0,0,0
Ray Owes,1973.0,0,0
Ray Tolbert,1959.0,1,1
Ray Williams,1955.0,1,0
Raymond Brown,1966.0,0,0
Raymond Felton,1985.0,0,0
Raymond Townsend,1956.0,0,0
Reece Gaines,1981.0,0,0
Reggie Bullock,1992.0,0,0
Reggie Carter,1958.0,0,0
Reggie Evans,1981.0,0,0
Reggie Geary,1974.0,0,0
Reggie Hanson,1969.0,0,0
Reggie Jackson,1991.0,1,0
Reggie Johnson,1958.0,1,1
Reggie Jordan,1968.0,0,0
Reggie King,1958.0,0,0
Reggie Lewis,1966.0,0,0
Reggie Miller,1966.0,1,0
Reggie Slater,1971.0,1,0
Reggie Smith,1971.0,0,0
Reggie Theus,1958.0,0,0
Reggie Williams,1965.0,0,0
Reggie Williams,1987.0,0,0
Renaldo Balkman,1985.0,0,0
Renaldo Major,1983.0,0,0
Rex Chapman,1968.0,0,0
Rex Walters,1971.0,0,0
Rich Kelley,1954.0,0,0
Rich King,1970.0,0,0
Rich Manning,1971.0,0,0
Rich Yonakor,1959.0,0,0
Richard Anderson,1961.0,0,0
Richard Coffey,1966.0,0,0
Richard Dumas,1970.0,1,0
Richard Hamilton,1979.0,2,1
Richard Jefferson,1981.0,4,1
Richard Morton,1967.0,0,0
Richard Petruska,1969.0,1,1
Richard Rellford,1965.0,0,0
Richard Washington,1956.0,0,0
Richaun Holmes,1994.0,0,0
Richie Frahm,1978.0,0,0
Rick Brunson,1973.0,1,0
Rick Calloway,1967.0,0,0
Rick Carlisle,1960.0,3,1
Rick Fox,1970.0,4,3
Rick Hughes,1974.0,0,0
Rick Mahorn,1959.0,2,1
Rick Robey,1956.0,1,1
Rickey Brown,1959.0,0,0
Rickey Green,1955.0,0,0
Rickey Williams,1958.0,0,0
Rickie Winslow,1965.0,0,0
Ricky Berry,1965.0,0,0
Ricky Blanton,1967.0,1,1
Ricky Davis,1980.0,0,0
Ricky Grace,1968.0,0,0
Ricky Ledo,1993.0,0,0
Ricky Pierce,1960.0,0,0
Ricky Rubio,1991.0,0,0
Ricky Sobers,1953.0,1,0
Ricky Wilson,1965.0,0,0
Rik Smits,1967.0,1,0
Rob Kurz,1986.0,0,0
Rob Lock,1967.0,0,0
Rob Rose,1965.0,0,0
Rob Williams,1962.0,0,0
Robbie Hummel,1990.0,0,0
Robert Archibald,1981.0,0,0
Robert Churchwell,1973.0,0,0
Robert Covington,1991.0,0,0
Robert Hite,1984.0,0,0
Robert Horry,1971.0,7,7
Robert Pack,1970.0,1,0
Robert Parish,1954.0,6,4
Robert Reid,1956.0,3,0
Robert Sacre,1990.0,0,0
Robert Smith,1956.0,0,0
Robert Swift,1986.0,0,0
Robert Traylor,1978.0,0,0
Robert Werdann,1971.0,0,0
Robert Whaley,1983.0,0,0
Robin Lopez,1989.0,0,0
Rock Lee,1956.0,0,0
Rod Foster,1961.0,0,0
Rod Higgins,1960.0,0,0
Rod Strickland,1967.0,0,0
Rodney Buford,1978.0,1,0
Rodney Carney,1985.0,0,0
Rodney Hood,1993.0,0,0
Rodney McCray,1962.0,2,1
Rodney McGruder,1992.0,0,0
Rodney Monroe,1969.0,0,0
Rodney Rogers,1972.0,1,0
Rodney Stuckey,1987.0,0,0
Rodney White,1981.0,0,0
Rodrick Rhodes,1974.0,0,0
Rodrigue Beaubois,1989.0,1,1
Roger Burkman,1959.0,0,0
Roger Mason,1981.0,1,0
Roger Phegley,1957.0,1,0
Roger Powell,1983.0,0,0
Roko Ukic,1985.0,0,0
Rolando Blackman,1960.0,1,0
Rolando Ferreira,1965.0,0,0
Ron Anderson,1959.0,0,0
Ron Baker,1994.0,0,0
Ron Brewer,1956.0,0,0
Ron Cavenall,1960.0,0,0
Ron Crevier,1959.0,0,0
Ron Davis,1955.0,0,0
Ron Grandison,1965.0,0,0
Ron Harper,1964.0,5,5
Ron Lee,1953.0,0,0
Ron Mercer,1977.0,0,0
Ron Moore,1962.0,1,0
Ron Rowan,1963.0,0,0
Ronald Dupree,1981.0,1,0
Ronald Murray,1980.0,0,0
Rondae Hollis-Jefferson,1995.0,0,0
Ronnie Brewer,1986.0,0,0
Ronnie Lester,1959.0,1,1
Ronnie Murphy,1965.0,0,0
Ronnie Price,1984.0,0,0
Ronny Turiaf,1983.0,2,1
Rony Seikaly,1966.0,0,0
Rory Sparrow,1959.0,1,1
Rory White,1960.0,0,0
Roshown McLeod,1976.0,1,0
Roy Hibbert,1987.0,0,0
Roy Hinson,1962.0,0,0
Roy Marble,1967.0,0,0
Roy Rogers,1974.0,0,0
Roy Tarpley,1965.0,0,0
Royal Ivey,1982.0,1,0
Royce White,1992.0,0,0
Ruben Boumtje-Boumtje,1979.0,0,0
Ruben Garces,1974.0,0,0
Ruben Nembhard,1973.0,1,0
Ruben Patterson,1976.0,0,0
Ruben Wolkowyski,1974.0,0,0
Rudy Fernandez,1986.0,0,0
Rudy Gay,1987.0,0,0
Rudy Gobert,1993.0,0,0
Rudy Macklin,1959.0,0,0
Rumeal Robinson,1967.0,0,0
Russ Schoene,1961.0,1,1
Russ Smith,1992.0,0,0
Russell Cross,1962.0,0,0
Russell Westbrook,1989.0,1,0
Rusty LaRue,1974.0,1,1
Ryan Anderson,1989.0,0,0
Ryan Bowen,1976.0,0,0
Ryan Gomes,1983.0,0,0
Ryan Hollins,1985.0,0,0
Ryan Humphrey,1980.0,0,0
Ryan Kelly,1992.0,0,0
Ryan Lorthridge,1973.0,0,0
Ryan Reid,1987.0,1,0
Ryan Robertson,1977.0,0,0
Ryan Stack,1976.0,0,0
Salah Mejri,1987.0,0,0
Salim Stoudamire,1983.0,0,0
Sam Bowie,1962.0,0,0
Sam Cassell,1970.0,3,3
Sam Dekker,1995.0,0,0
Sam Jacobson,1976.0,1,1
Sam Lacey,1949.0,0,0
Sam Mack,1971.0,0,0
Sam Mitchell,1964.0,0,0
Sam Pellom,1952.0,0,0
Sam Perkins,1962.0,3,0
Sam Vincent,1964.0,2,1
Sam Williams,1960.0,0,0
Sam Worthen,1958.0,0,0
Sam Young,1986.0,0,0
Samaki Walker,1977.0,1,1
Samardo Samuels,1989.0,0,0
Samuel Dalembert,1982.0,0,0
Sarunas Jasikevicius,1977.0,0,0
Sarunas Marciulionis,1965.0,0,0
Sasha Danilovic,1971.0,0,0
Sasha Kaun,1986.0,1,1
Sasha Pavlovic,1984.0,2,1
Sasha Vujacic,1985.0,3,2
Scooter McCray,1961.0,0,0
Scot Pollard,1976.0,2,1
Scott Brooks,1966.0,2,2
Scott Burrell,1971.0,1,1
Scott Haffner,1967.0,0,0
Scott Haskin,1971.0,0,0
Scott Hastings,1961.0,1,1
Scott Lloyd,1953.0,0,0
Scott Machado,1991.0,0,0
Scott May,1955.0,0,0
Scott Meents,1964.0,0,0
Scott Padgett,1977.0,0,0
Scott Roth,1964.0,0,0
Scott Skiles,1965.0,0,0
Scott Wedman,1953.0,4,2
Scott Williams,1969.0,3,3
Scottie Pippen,1966.0,6,6
Scotty Hopson,1990.0,0,0
Sean Colson,1976.0,0,0
Sean Elliott,1969.0,1,1
Sean Green,1971.0,0,0
Sean Higgins,1969.0,0,0
Sean Kilpatrick,1990.0,0,0
Sean Lampley,1980.0,0,0
Sean Marks,1976.0,1,1
Sean May,1985.0,0,0
Sean Rooks,1970.0,0,0
Sean Singletary,1986.0,0,0
Sean Williams,1987.0,0,0
Sebastian Telfair,1986.0,0,0
Sedale Threatt,1962.0,0,0
Sedric Toney,1963.0,0,0
Semaj Christon,1993.0,0,0
Semih Erden,1987.0,0,0
Serge Ibaka,1990.0,1,0
Sergei Bazarevich,1966.0,0,0
Sergei Monia,1984.0,0,0
Sergey Karasev,1994.0,0,0
Sergio Rodriguez,1987.0,0,0
Seth Curry,1991.0,0,0
Shabazz Muhammad,1993.0,0,0
Shabazz Napier,1992.0,0,0
Shammond Williams,1976.0,0,0
Shandon Anderson,1974.0,3,1
Shane Battier,1979.0,3,2
Shane Edwards,1988.0,0,0
Shane Heal,1971.0,0,0
Shane Larkin,1993.0,0,0
Shannon Brown,1986.0,4,3
Shaquille O'Neal,1973.0,6,4
Shareef Abdur-Rahim,1977.0,0,0
Sharone Wright,1973.0,0,0
Sharrod Ford,1982.0,0,0
Shaun Livingston,1986.0,3,2
Shavlik Randolph,1984.0,0,0
Shawn Bradley,1973.0,0,0
Shawn Kemp,1970.0,1,0
Shawn Long,1993.0,0,0
Shawn Marion,1979.0,2,1
Shawn Respert,1973.0,0,0
Shawne Williams,1987.0,0,0
Shawnelle Scott,1973.0,0,0
Shayne Whittington,1992.0,0,0
Shea Seals,1976.0,0,0
Shelden Williams,1984.0,1,0
Sheldon McClellan,1993.0,0,0
Shelton Jones,1967.0,0,0
Shelvin Mack,1991.0,0,0
Sherell Ford,1973.0,1,0
Sherman Douglas,1967.0,0,0
Sherron Collins,1988.0,0,0
Sidney Green,1961.0,0,0
Sidney Lowe,1960.0,0,0
Sidney Moncrief,1958.0,0,0
Sim Bhullar,1993.0,0,0
Skal Labissiere,1997.0,0,0
Skeeter Henry,1968.0,0,0
Slavko Vranes,1983.0,0,0
Sleepy Floyd,1961.0,0,0
Sly Williams,1958.0,1,1
Smush Parker,1982.0,1,0
Solomon Alabi,1989.0,0,0
Solomon Hill,1992.0,0,0
Solomon Jones,1985.0,0,0
Sonny Parker,1956.0,0,0
Sonny Weems,1987.0,0,0
Soumaila Samake,1979.0,0,0
Speedy Claxton,1979.0,1,1
Spencer Dinwiddie,1994.0,0,0
Spencer Hawes,1989.0,0,0
Spencer Haywood,1950.0,1,1
Spud Webb,1964.0,0,0
Stacey Augmon,1969.0,0,0
Stacey King,1967.0,3,3
Stan Kimbrough,1967.0,1,1
Stanislav Medvedenko,1980.0,3,2
Stanley Brundy,1968.0,0,0
Stanley Jackson,1971.0,0,0
Stanley Johnson,1997.0,0,0
Stanley Roberts,1971.0,0,0
Stefano Rusconi,1969.0,0,0
Steffond Johnson,1963.0,0,0
Stephane Lasme,1983.0,0,0
Stephen Curry,1989.0,3,2
Stephen Graham,1983.0,0,0
Stephen Howard,1971.0,1,0
Stephen Jackson,1979.0,2,1
Stephen Thompson,1969.0,0,0
Stephen Zimmerman,1997.0,0,0
Stephon Marbury,1978.0,0,0
Steve Alford,1965.0,0,0
Steve Bardo,1969.0,0,0
Steve Blake,1981.0,0,0
Steve Bucknall,1967.0,0,0
Steve Burtt,1963.0,0,0
Steve Colter,1963.0,0,0
Steve Francis,1978.0,0,0
Steve Goodrich,1977.0,1,0
Steve Hamer,1974.0,0,0
Steve Harris,1964.0,2,1
Steve Hawes,1951.0,0,0
Steve Hayes,1956.0,0,0
Steve Henson,1969.0,0,0
Steve Johnson,1958.0,0,0
Steve Kerr,1966.0,5,5
Steve Lingenfelter,1959.0,0,0
Steve Mix,1948.0,4,0
Steve Nash,1975.0,0,0
Steve Novak,1984.0,1,1
Steve Scheffler,1968.0,1,0
Steve Smith,1970.0,1,1
Steve Stipanovich,1961.0,0,0
Steven Adams,1994.0,0,0
Steven Hill,1986.0,0,0
Steven Hunter,1982.0,0,0
Steven Smith,1984.0,0,0
Stevin Smith,1972.0,0,0
Stewart Granger,1962.0,0,0
Stojko Vrankovic,1964.0,0,0
Stromile Swift,1980.0,0,0
Stuart Gray,1964.0,0,0
Sun Yue,1986.0,1,1
Sundiata Gaines,1987.0,0,0
Swen Nater,1950.0,1,0
Sylvester Gray,1968.0,0,0
T.J. Ford,1984.0,0,0
T.J. McConnell,1993.0,0,0
T.J. Warren,1994.0,0,0
T.R. Dunn,1956.0,0,0
Taj Gibson,1986.0,0,0
Tamar Slay,1981.0,1,0
Tang Hamilton,1979.0,0,0
Tarence Kinsey,1985.0,0,0
Tarik Black,1992.0,0,0
Tariq Abdul-Wahad,1975.0,0,0
Tate George,1969.0,0,0
Taurean Green,1987.0,0,0
Taurean Waller-Prince,1995.0,0,0
Taylor Griffin,1987.0,0,0
Tayshaun Prince,1981.0,2,1
Tellis Frank,1966.0,0,0
Terence Morris,1979.0,0,0
Terence Stansbury,1962.0,0,0
Terrance Roberson,1977.0,0,0
Terrel Harris,1988.0,2,2
Terrell Brandon,1971.0,0,0
Terrence Jones,1992.0,0,0
Terrence Rencher,1974.0,0,0
Terrence Ross,1992.0,0,0
Terrence Williams,1988.0,0,0
Terry Catledge,1964.0,0,0
Terry Cummings,1962.0,0,0
Terry Davis,1968.0,0,0
Terry Dehere,1972.0,0,0
Terry Dozier,1967.0,0,0
Terry Duerod,1957.0,1,1
Terry Mills,1968.0,0,0
Terry Porter,1964.0,2,0
Terry Rozier,1995.0,0,0
Terry Teagle,1961.0,1,0
Terry Tyler,1957.0,0,0
Thabo Sefolosha,1985.0,1,0
Thaddeus Young,1989.0,0,0
Thanasis Antetokounmpo,1993.0,0,0
Tharon Mayes,1969.0,0,0
Theo Ratliff,1974.0,1,0
Theron Smith,1981.0,0,0
Thomas Gardner,1986.0,0,0
Thomas Hamilton,1976.0,0,0
Thomas Jordan,1969.0,0,0
Thomas Robinson,1992.0,0,0
Thon Maker,1998.0,0,0
Thurl Bailey,1962.0,0,0
Tiago Splitter,1985.0,2,1
Tibor Pleiss,1990.0,0,0
Tierre Brown,1980.0,0,0
Tim Breaux,1971.0,1,1
Tim Duncan,1977.0,6,5
Tim Frazier,1991.0,0,0
Tim Hardaway,1967.0,0,0
Tim Hardaway,1993.0,0,0
Tim James,1977.0,0,0
Tim Kempton,1964.0,1,0
Tim Legler,1967.0,0,0
Tim McCormick,1963.0,0,0
Tim Ohlbrecht,1989.0,0,0
Tim Perry,1966.0,0,0
Tim Quarterman,1995.0,0,0
Tim Thomas,1978.0,0,0
Tim Young,1977.0,0,0
Timofey Mozgov,1987.0,2,1
Timothe Luwawu-Cabarrot,1996.0,0,0
Tiny Archibald,1949.0,1,1
Tito Horford,1966.0,0,0
Tito Maddox,1982.0,0,0
Tobias Harris,1993.0,0,0
Toby Bailey,1976.0,0,0
Toby Knight,1956.0,0,0
Tod Murphy,1964.0,0,0
Todd Day,1970.0,0,0
Todd Fuller,1975.0,0,0
Todd Lichti,1967.0,0,0
Todd MacCulloch,1976.0,2,0
Todd Mitchell,1967.0,0,0
Todd Mundt,1971.0,0,0
Tom Boswell,1954.0,1,1
Tom Chambers,1960.0,1,0
Tom Copa,1965.0,0,0
Tom Garrick,1967.0,0,0
Tom Gugliotta,1970.0,0,0
Tom Hammonds,1968.0,0,0
Tom Henderson,1952.0,3,1
Tom Hovasse,1967.0,0,0
Tom LaGarde,1956.0,1,1
Tom McMillen,1953.0,0,0
Tom Owens,1950.0,0,0
Tom Piotrowski,1961.0,0,0
Tom Scheffler,1955.0,0,0
Tom Sewell,1963.0,0,0
Tom Sluby,1963.0,0,0
Tom Tolbert,1966.0,0,0
Tomas Satoransky,1992.0,0,0
Toney Douglas,1987.0,1,0
Toni Kukoc,1969.0,4,3
Tony Allen,1982.0,2,1
Tony Battie,1977.0,1,0
Tony Bennett,1970.0,0,0
Tony Bobbitt,1980.0,0,0
Tony Brown,1961.0,1,0
Tony Campbell,1963.0,3,1
Tony Dawson,1968.0,0,0
Tony Delk,1974.0,0,0
Tony Dumas,1973.0,0,0
Tony Farmer,1970.0,0,0
Tony Harris,1968.0,0,0
Tony Massenburg,1968.0,1,1
Tony Mitchell,1990.0,0,0
Tony Mitchell,1993.0,0,0
Tony Parker,1983.0,5,4
Tony Smith,1969.0,1,0
Tony Snell,1992.0,0,0
Tony White,1966.0,0,0
Tony Wroten,1994.0,0,0
Torgeir Bryn,1965.0,0,0
Tornike Shengelia,1992.0,0,0
Torraye Braggs,1977.0,0,0
Toure' Murry,1990.0,0,0
Tracy Jackson,1960.0,0,0
Tracy McGrady,1980.0,0,0
Tracy Moore,1966.0,0,0
Tracy Murray,1972.0,1,1
Trajan Langdon,1977.0,0,0
Travis Best,1973.0,1,0
Travis Diener,1983.0,0,0
Travis Hansen,1979.0,0,0
Travis Knight,1975.0,1,1
Travis Leslie,1991.0,0,0
Travis Mays,1969.0,0,0
Travis Outlaw,1985.0,0,0
Travis Wear,1991.0,0,0
Travis Williams,1970.0,0,0
Tree Rollins,1956.0,1,0
Tremaine Fowlkes,1977.0,1,1
Trent Tucker,1960.0,1,1
Trenton Hassell,1980.0,0,0
Treveon Graham,1994.0,0,0
Trevor Ariza,1986.0,2,1
Trevor Booker,1988.0,0,0
Trevor Ruffin,1971.0,0,0
Trevor Wilson,1969.0,0,0
Trevor Winter,1974.0,0,0
Trey Burke,1993.0,0,0
Trey Gilder,1985.0,0,0
Trey Johnson,1985.0,0,0
Trey Lyles,1996.0,0,0
Trey Thompkins,1991.0,0,0
Tristan Thompson,1992.0,3,1
Troy Bell,1981.0,0,0
Troy Daniels,1992.0,0,0
Troy Hudson,1977.0,1,0
Troy Murphy,1981.0,0,0
Troy Williams,1995.0,0,0
Truck Robinson,1952.0,1,0
Ty Lawson,1988.0,0,0
Tyler Ennis,1995.0,0,0
Tyler Hansbrough,1986.0,0,0
Tyler Honeycutt,1991.0,0,0
Tyler Johnson,1993.0,0,0
Tyler Ulis,1996.0,0,0
Tyler Zeller,1990.0,0,0
Tyreke Evans,1990.0,0,0
Tyrone Corbin,1963.0,0,0
Tyrone Hill,1969.0,1,0
Tyrone Nesby,1976.0,0,0
Tyronn Lue,1978.0,3,2
Tyrus Thomas,1987.0,0,0
Tyshawn Taylor,1991.0,0,0
Tyson Chandler,1983.0,1,1
Tyson Wheeler,1976.0,0,0
Tyus Edney,1974.0,0,0
Tyus Jones,1997.0,0,0
Udonis Haslem,1981.0,5,3
Uros Slokar,1984.0,0,0
Uwe Blab,1963.0,0,0
Vander Blue,1993.0,0,0
Vassilis Spanoulis,1983.0,0,0
Vern Fleming,1963.0,0,0
Vernon Macklin,1987.0,0,0
Vernon Maxwell,1966.0,3,2
Viacheslav Kravtsov,1988.0,0,0
Victor Alexander,1970.0,0,0
Victor Claver,1989.0,0,0
Victor Oladipo,1993.0,0,0
Viktor Khryapa,1983.0,0,0
Vin Baker,1972.0,0,0
Vince Carter,1977.0,0,0
Vince Taylor,1961.0,0,0
Vincent Askew,1967.0,1,0
Vincent Yarbrough,1982.0,0,0
Vincenzo Esposito,1969.0,0,0
Vinnie Johnson,1957.0,3,2
Vinny Del,1967.0,0,0
Vitaly Potapenko,1976.0,0,0
Vitor Faverani,1989.0,0,0
Vlade Divac,1969.0,1,0
Vladimir Radmanovic,1981.0,2,1
Vladimir Stepania,1977.0,0,0
Voise Winters,1963.0,0,0
Von Wafer,1986.0,0,0
Vonteego Cummings,1977.0,0,0
Voshon Lenard,1974.0,0,0
Wade Baldwin,1997.0,0,0
Walker Russell,1961.0,1,0
Walker Russell,1983.0,0,0
Wallace Bryant,1960.0,0,0
Wally Szczerbiak,1978.0,0,0
Wally Walker,1955.0,3,2
Walt Williams,1971.0,0,0
Walter Berry,1965.0,0,0
Walter Bond,1970.0,0,0
Walter Davis,1955.0,0,0
Walter Herrmann,1980.0,0,0
Walter McCarty,1975.0,0,0
Walter Palmer,1969.0,0,0
Walter Sharpe,1987.0,0,0
Walter Tavares,1993.0,0,0
Wang Zhizhi,1978.0,0,0
Warren Kidd,1971.0,0,0
Wayman Tisdale,1965.0,0,0
Wayne Cooper,1957.0,2,0
Wayne Ellington,1988.0,0,0
Wayne Englestad,1967.0,0,0
Wayne Sappleton,1961.0,0,0
Wayne Selden,1995.0,0,0
Wayne Simien,1984.0,1,1
Wayne Turner,1977.0,0,0
Wes Matthews,1960.0,2,2
Wesley Johnson,1988.0,0,0
Wesley Matthews,1987.0,0,0
Wesley Person,1972.0,0,0
Will Barton,1991.0,0,0
Will Blalock,1984.0,0,0
Will Bynum,1983.0,0,0
Will Cherry,1992.0,1,0
Will Conroy,1983.0,0,0
Will Perdue,1966.0,4,4
Will Solomon,1979.0,0,0
William Avery,1980.0,0,0
William Bedford,1964.0,2,1
William Cunningham,1975.0,1,0
Willie Anderson,1967.0,0,0
Willie Burton,1969.0,0,0
Willie Cauley-Stein,1994.0,0,0
Willie Green,1982.0,0,0
Willie Reed,1991.0,0,0
Willie Warren,1990.0,0,0
Willie White,1963.0,0,0
Willy Hernangomez,1995.0,0,0
Wilson Chandler,1988.0,0,0
Winston Bennett,1966.0,0,0
Winston Crite,1966.0,0,0
Winston Garland,1965.0,0,0
World B. Free,1954.0,1,0
Xavier Henry,1992.0,0,0
Xavier McDaniel,1964.0,0,0
Xavier Munford,1993.0,0,0
Xavier Silas,1988.0,0,0
Yakhouba Diawara,1983.0,0,0
Yao Ming,1981.0,0,0
Yaroslav Korolev,1988.0,0,0
Yi Jianlian,1988.0,0,0
Yinka Dare,1973.0,0,0
Yogi Ferrell,1994.0,0,0
Yuta Tabuse,1981.0,0,0
Yvon Joseph,1958.0,0,0
Zabian Dowdell,1985.0,0,0
Zach LaVine,1996.0,0,0
Zach Randolph,1982.0,0,0
Zan Tabak,1971.0,2,1
Zarko Cabarkapa,1982.0,0,0
Zarko Paspalj,1967.0,0,0
Zaza Pachulia,1985.0,1,1
Zeljko Rebraca,1973.0,1,1
Zendon Hamilton,1976.0,0,0
Zoran Dragic,1990.0,0,0
Zoran Planinic,1983.0,0,0
Zydrunas Ilgauskas,1976.0,2,0
